,,2nd Amendment,9 11,9/11,American fury,Anger,Army of Jesus,BM,Back the Badge,Being Patriotic,Bernie,Black Edification,Black Excellence,Black Matters,Black Pride,Black guns matter,Black lives,Black lives matter,Black4Black,Black_Baptist_church,Blacktivist,Born Liberal,Brown Power,China,Clinton,Clinton FRAUDation,Confederacy,Confederate flag,Conservative,Constitution,Defend the 2nd,Democrat,Don't Shoot,Don’t Shoot,Facebook,Fear,Harvard BLSA,Heart of Texas,Hell_and_Back,Humor,Instagram,Islamophobia,Joy,Kaepernick,L For Life,LGBT,LGBT United,LGBTQ,LGBTQ United,Liberal,Love,MAGA,Memopolis,Native Americans United,Nefertiti's Community,Nefertiti’s Community,Oppression,Pan-African roots MOVE,REAL AMERICA,Republican,Sadness,Secured Borders,Source Excellence,South United,Stand for Freedom,Stop A.I.,Stop Refugees,Surprise,Terrorism,Texas,The Red Pill,Trump,U.S. Flag,United Muslims of America,Veterans Come First,Wall Street,Watch the Police,Williams&Kalvin,Woke Blacks,_american.made,_born__black_,afrokingdom_,alllivesmatter,american.veterans,army_of_jesus,badge,bald eagle,bald eagle X2,barriers,black,blackcommunity,blacklivesmatter,blackluive,blackstagram__,blue,bluelivesmatter,borders,brown,can't trust the Clintons,city on a hill,civil rights,class,coffin,commercial,common folks,conservatives,cop block us,cop__block__us,cop_block_us,cowboy,cowgirl,crime,darkness and light,economy,empowerment,equality,famous person,football,foreign policy,freedom,frontier,gender,globalists,gov_spending,graduation,green,gun,guns,health care,housing,illegal immigration,illegals,illustration,immigration,indigenous,infestation,infrastructure,intoxicants,invader,justice,language,liberals,liberty,liberty_rising,magenta,meme,mericanfury,millennials,muslim_voice,nation,national monuments,non-partisan,orange,painting,pan-african roots moves,patriot's heart,patriotism,photograph,photography,police brutality,popular culture,pray4police,prison,protester,purple,race,racial identities,racial tensions,racism,rainbow,rebeltexas,red,redacted,refugees,religion,religious figure,sacred,security,self-made man [person],sincerely_black_,soldiers,southern.rebel.pride,southern_rebel_pride,stand_for_freedom_,staystrong,stop_refugees,text,the people,trade,tyranny,veterans,veterans_come_first,video,voting,war,white,woke,world of possibilities,wut,yellow
,6,0,0,0,0,0,0,0,0,0,0,0,0,0,0,0,0,0,0,0,0,0,0,0,0,0,0,0,0,0,0,0,0,0,0,0,0,0,0,0,0,0,0,0,0,0,0,0,0,0,0,0,0,0,0,0,0,0,0,0,0,0,0,0,0,0,0,0,0,0,0,0,0,0,0,0,0,0,0,0,0,0,0,0,0,0,0,0,0,0,0,0,0,0,0,0,0,0,0,0,0,0,0,0,0,0,0,0,0,0,0,0,0,0,0,0,0,0,0,0,0,0,0,0,0,0,0,0,0,0,0,0,0,0,0,0,0,0,0,0,0,0,0,0,0,0,0,0,0,0,0,0,0,0,0,0,0,0,0,0,0,0,0,0,0,0,0,0,0,0,0,0,0,0,0,0,0,0,0,0,0,0,0,0,0,0,0,0,0,0,0,0,0,0,0,0,0,0,0,0
2nd Amendment,0,111,0,0,0,18,0,0,0,6,0,0,0,0,0,13,0,0,0,0,0,0,0,0,2,0,5,5,8,3,66,4,0,0,0,15,0,0,0,2,1,1,60,0,0,0,0,0,0,2,15,6,0,0,0,0,0,0,8,6,6,0,0,0,1,0,0,2,2,2,0,6,29,0,0,0,0,0,0,2,0,0,2,0,0,1,0,1,1,83,0,3,0,0,16,1,1,10,3,13,35,0,0,0,12,0,0,0,0,8,0,11,17,4,6,1,3,0,3,10,0,3,0,0,0,12,58,76,1,0,1,1,26,2,0,0,0,17,2,6,0,0,7,0,0,10,0,0,0,39,1,1,14,1,0,0,52,54,0,2,1,0,3,1,1,13,16,9,0,0,0,25,12,0,1,1,2,9,0,0,0,1,1,0,0,0,23,8,0,2,0,0,0,3,3,59,0,0,4,5
9 11,0,0,6,0,0,0,0,0,0,0,0,0,0,0,0,0,0,0,0,0,0,0,0,0,0,0,0,0,0,0,0,0,0,0,0,3,0,0,0,0,0,2,0,0,0,0,0,0,0,0,0,0,0,0,0,0,0,0,0,0,1,0,0,0,0,0,0,0,6,2,0,0,0,0,0,0,0,0,0,0,0,0,0,0,0,0,0,0,0,1,0,0,0,0,2,0,0,0,0,0,0,0,0,0,0,0,0,0,0,0,0,0,0,0,1,1,0,0,0,3,0,0,0,0,0,0,0,0,0,0,0,0,0,0,0,3,0,0,0,0,0,0,0,0,0,0,0,0,0,0,0,0,0,0,0,0,0,2,0,0,0,0,0,0,0,0,0,0,0,0,0,0,0,0,6,0,0,3,0,0,0,0,0,0,0,0,0,0,0,0,0,0,0,0,0,0,0,0,0,1
9/11,0,0,0,5,0,2,0,0,0,3,0,0,0,0,0,0,0,0,0,0,0,0,0,0,0,0,0,0,1,0,0,0,0,0,0,2,0,0,0,0,0,1,0,0,0,0,0,0,0,0,2,1,0,0,0,0,0,0,0,0,4,0,0,0,0,0,0,0,2,0,0,2,4,0,0,0,0,0,0,0,0,0,0,0,0,0,1,0,0,1,0,0,0,0,4,0,0,0,0,0,0,0,0,0,0,0,0,0,0,0,0,2,0,0,1,1,0,0,0,1,0,0,0,0,0,0,0,0,0,0,0,0,1,1,0,0,0,0,0,1,0,0,0,0,0,0,0,0,0,3,0,0,0,0,0,0,4,4,0,0,0,0,0,0,0,1,2,0,0,0,0,4,0,0,2,1,0,0,0,0,0,0,0,0,0,0,2,1,0,0,0,0,0,0,0,4,1,0,0,0
American fury,0,0,0,0,1,0,0,0,0,0,0,0,0,0,0,0,0,0,0,0,0,0,0,0,0,0,0,0,0,0,0,0,0,0,0,0,0,0,0,0,0,0,0,0,0,0,0,1,0,1,1,0,0,0,0,0,0,0,0,0,0,0,0,0,0,0,0,0,0,0,0,0,0,0,0,0,0,0,0,0,0,0,0,0,0,0,0,0,0,1,0,0,0,0,0,0,0,0,0,0,0,0,0,0,0,0,0,0,0,0,0,0,0,0,0,0,0,0,0,0,0,1,0,0,0,0,0,0,0,0,0,0,0,0,0,0,0,0,0,0,0,0,0,0,0,0,0,0,0,0,0,0,0,0,0,0,1,0,0,0,0,0,0,0,0,0,0,0,0,0,0,0,0,0,0,0,0,0,0,0,0,0,0,0,0,0,1,0,0,0,0,0,0,0,0,1,0,0,0,0
Anger,0,18,0,2,0,781,1,165,0,41,1,0,0,43,1,6,0,14,1,0,64,3,33,0,24,1,16,13,16,7,2,10,18,13,22,186,0,5,5,38,2,19,83,5,0,1,25,29,1,13,23,11,1,2,0,1,0,18,7,18,230,4,0,6,0,54,10,19,20,9,3,43,79,18,0,6,7,63,19,0,2,2,6,1,0,27,3,1,22,543,0,100,1,3,164,4,56,106,22,20,185,32,2,5,135,1,1,1,5,3,2,158,157,17,31,72,75,4,51,48,3,29,1,2,28,90,45,74,7,3,53,22,193,124,6,74,7,2,63,94,7,1,31,0,5,75,0,1,1,156,10,115,61,8,0,0,63,332,0,205,14,0,37,53,8,448,260,342,0,23,2,208,88,48,26,8,14,29,4,0,33,1,1,0,0,1,157,24,1,4,23,0,63,33,51,397,45,26,6,125
Army of Jesus,0,0,0,0,0,1,11,0,0,0,0,0,0,0,0,0,0,0,0,0,0,0,0,0,2,0,0,0,2,0,0,0,0,0,0,2,0,0,0,1,0,0,8,0,0,0,0,0,0,0,2,1,0,0,0,0,0,0,0,1,0,0,0,0,0,0,0,0,1,0,0,2,7,0,0,0,0,0,0,0,0,0,0,0,0,0,0,0,0,2,0,0,0,0,8,0,0,1,2,2,0,0,0,0,0,0,0,0,0,0,0,0,7,1,0,0,0,0,0,0,0,0,0,0,0,0,2,0,0,0,0,0,9,0,0,0,0,0,0,0,0,0,2,0,0,1,0,0,0,2,0,3,1,1,0,0,4,0,0,0,0,0,0,0,0,0,0,0,0,0,0,9,0,0,11,10,8,1,0,0,0,0,0,0,0,0,2,0,0,0,0,0,0,2,1,11,1,0,0,2
BM,0,0,0,0,0,165,0,421,0,0,0,0,0,15,0,0,0,2,0,0,0,0,0,0,0,0,1,0,0,0,0,1,0,0,0,64,0,0,0,9,0,2,168,0,0,0,0,0,0,0,46,0,0,0,0,0,0,0,0,2,104,0,0,0,0,0,0,42,1,0,0,15,9,1,0,2,0,0,0,0,0,0,0,0,0,8,0,0,2,311,0,23,0,0,75,0,0,112,0,1,65,22,0,7,115,0,0,0,0,5,6,63,46,5,9,13,83,0,3,8,1,36,0,0,13,43,15,18,2,3,0,0,42,4,0,2,2,1,2,18,3,0,5,0,4,35,0,0,0,22,1,55,13,3,0,0,3,271,0,109,46,0,6,10,8,313,206,177,0,0,0,80,62,2,3,2,2,7,19,0,4,0,0,0,0,0,82,3,0,1,0,0,22,6,5,238,8,25,4,40
Back the Badge,0,0,0,0,0,0,0,0,21,0,0,0,0,0,0,0,0,0,0,0,0,0,0,0,0,0,0,0,0,0,0,0,0,0,0,0,0,0,0,0,0,0,12,0,0,0,0,0,0,0,2,1,0,0,0,0,0,0,0,1,0,0,0,0,0,0,0,0,0,0,0,0,0,0,0,0,0,0,0,0,0,0,0,0,0,11,0,0,0,14,0,0,0,0,9,7,0,0,0,0,0,0,0,0,0,0,0,0,0,0,0,3,2,0,1,0,0,0,0,0,0,0,0,0,0,0,0,0,0,0,0,0,11,0,0,0,0,0,0,1,0,0,0,0,0,0,0,0,0,1,0,8,1,0,0,0,1,4,0,0,0,0,0,0,0,0,0,0,0,0,0,8,10,0,0,0,0,0,0,0,0,0,0,0,0,0,3,1,0,0,0,0,0,0,0,0,0,0,0,0
Being Patriotic,0,6,0,3,0,41,0,0,0,108,0,0,0,0,0,0,0,0,0,0,0,0,0,1,8,0,5,4,2,9,0,2,1,0,4,7,0,0,0,3,0,5,50,0,0,0,1,2,0,10,11,1,0,0,0,0,0,0,1,2,18,0,0,0,0,0,0,2,4,2,0,9,59,0,0,0,0,0,0,0,0,0,0,0,0,1,24,1,1,50,0,2,0,0,61,0,4,6,7,15,5,0,2,0,7,0,0,0,0,0,0,8,14,4,0,0,15,1,12,3,1,2,1,0,0,15,12,12,0,0,2,3,34,8,0,3,0,0,12,2,0,0,4,0,1,6,0,0,0,45,2,20,2,10,0,0,75,50,0,1,2,0,0,5,3,4,3,7,0,1,0,60,12,1,5,0,1,4,1,0,11,0,0,0,0,0,16,7,1,4,17,0,0,10,14,64,0,8,0,27
Bernie,0,0,0,0,0,1,0,0,0,0,6,0,0,0,0,0,0,0,0,0,0,0,0,0,2,0,0,0,0,0,0,2,0,0,0,0,0,0,0,1,0,0,1,0,0,0,1,1,0,2,0,0,0,0,0,0,0,0,0,1,1,0,0,0,0,0,0,0,0,0,0,1,1,2,0,0,0,0,0,0,0,0,0,0,0,0,0,0,0,1,0,0,0,0,4,0,0,0,1,0,0,0,0,0,0,0,0,0,0,0,0,0,0,0,0,0,3,0,0,0,0,1,0,0,0,2,0,0,0,0,0,0,1,0,0,0,0,0,1,0,0,0,0,0,0,0,0,0,0,1,1,1,0,1,0,0,0,3,0,0,1,0,0,0,0,1,0,0,0,1,0,1,0,0,0,0,0,0,0,0,0,0,0,0,0,0,1,0,0,0,0,0,0,2,0,2,1,0,2,1
Black Edification,0,0,0,0,0,0,0,0,0,0,0,1,0,0,0,0,0,0,0,0,0,0,0,0,0,0,0,0,0,0,0,0,0,0,0,0,0,0,0,0,0,0,0,0,0,0,0,0,0,0,0,0,0,0,0,0,0,0,0,0,0,0,0,0,0,0,0,0,0,0,0,0,0,0,0,0,0,0,0,0,0,0,0,0,0,0,0,0,0,1,0,0,0,0,0,0,0,0,0,0,0,0,0,0,0,0,0,0,0,0,0,0,0,0,1,0,0,0,0,0,0,0,0,0,0,1,0,0,0,0,0,0,0,0,0,0,0,0,0,0,0,0,0,0,0,0,0,0,0,0,0,0,0,0,0,0,0,0,0,0,0,0,0,0,0,0,1,0,0,0,0,1,1,0,0,0,0,0,0,0,0,0,0,0,0,0,0,0,0,0,0,0,0,0,0,0,0,0,0,1
Black Excellence,0,0,0,0,0,0,0,0,0,0,0,0,16,0,0,0,0,0,0,0,1,0,0,0,0,0,0,0,0,0,0,0,0,0,0,0,0,0,0,1,0,0,15,0,0,0,0,0,0,0,3,0,0,0,0,0,0,0,0,0,0,0,0,0,0,0,0,1,0,0,0,0,0,0,0,0,0,0,0,0,0,0,0,0,0,0,0,0,0,9,0,0,0,0,9,0,0,10,0,0,0,3,0,0,4,0,0,0,0,0,0,0,1,1,1,0,7,0,0,0,0,3,0,0,0,2,0,0,0,0,0,0,0,0,0,0,1,0,0,0,0,0,0,0,1,1,0,0,0,0,0,0,1,0,0,0,0,11,0,0,4,0,0,0,0,12,11,2,0,0,0,6,3,0,0,0,0,0,2,0,0,0,0,0,0,0,5,0,0,0,0,0,2,0,0,5,0,4,0,0
Black Matters,0,0,0,0,0,43,0,15,0,0,0,0,0,99,0,0,0,0,0,0,0,0,0,0,1,0,4,1,0,1,0,0,0,0,2,20,0,0,0,0,0,0,16,0,0,0,0,0,0,0,5,0,0,0,0,0,0,0,0,0,68,0,0,0,0,0,0,0,0,0,0,0,1,1,0,0,0,0,0,0,0,0,0,0,0,2,0,0,3,87,0,28,0,0,7,0,0,8,1,0,53,3,0,0,32,0,0,0,0,0,0,18,21,0,5,20,3,0,0,6,0,3,0,0,43,15,3,1,0,1,0,0,19,0,0,0,1,0,0,15,0,0,5,0,1,6,0,0,0,1,2,34,2,0,0,0,0,77,0,53,2,0,0,4,5,70,48,69,0,0,0,34,1,0,1,0,1,7,0,0,0,0,0,0,0,0,28,1,0,1,0,0,3,1,1,75,11,8,0,6
Black Pride,0,0,0,0,0,1,0,0,0,0,0,0,0,0,1,0,0,0,0,0,0,0,0,0,0,0,0,0,0,0,0,0,0,0,0,0,0,0,0,0,0,0,0,0,0,0,0,0,0,0,0,0,0,0,0,0,0,0,0,0,1,0,0,0,0,0,0,0,0,0,0,0,0,0,0,0,0,0,0,0,0,0,0,0,0,0,0,0,0,1,0,0,0,0,0,0,0,0,0,0,1,0,0,0,0,0,0,0,0,0,0,1,0,0,0,0,0,0,0,1,0,0,0,0,0,0,0,0,0,0,0,0,0,0,0,0,0,0,0,0,0,0,0,0,0,0,0,0,0,0,0,0,0,0,0,0,0,1,0,1,0,0,0,0,0,1,1,0,0,0,0,0,0,0,0,0,0,0,0,0,0,0,0,0,0,0,0,0,0,0,0,0,0,0,0,1,0,0,0,0
Black guns matter,0,13,0,0,0,6,0,0,0,0,0,0,0,0,0,26,0,0,0,0,0,0,0,0,0,0,0,0,0,0,0,0,0,0,0,4,0,0,0,0,0,0,8,0,0,0,0,0,0,0,0,0,0,0,0,0,0,0,0,0,2,0,0,0,0,0,0,1,0,0,0,0,0,0,0,0,0,0,0,0,0,0,0,0,0,0,0,0,0,19,0,1,0,0,0,0,0,4,0,0,7,0,0,0,0,0,0,0,0,0,0,5,7,0,0,1,1,0,0,1,0,0,0,0,0,0,10,10,0,0,0,0,0,0,0,0,0,0,0,1,0,0,1,0,1,0,0,0,0,2,0,0,1,0,0,0,0,7,0,1,0,0,0,0,0,22,16,15,0,0,0,2,15,0,0,0,0,1,0,0,0,0,0,0,0,0,5,1,0,0,0,0,0,0,1,6,0,0,0,1
Black lives,0,0,0,0,0,0,0,0,0,0,0,0,0,0,0,0,4,0,0,0,0,0,0,0,0,0,0,0,0,0,0,0,0,0,0,0,0,0,0,0,0,0,0,0,0,0,0,0,0,0,0,0,0,0,0,0,0,0,0,0,4,0,0,0,0,0,0,0,0,0,0,0,0,0,0,0,0,0,0,0,0,0,0,0,0,0,0,0,0,4,0,4,0,0,0,0,0,0,0,0,4,0,0,0,0,0,0,0,0,0,0,4,0,0,0,0,0,0,0,0,0,0,0,0,4,0,0,0,0,0,0,0,0,0,0,0,0,0,0,0,0,0,0,0,0,0,0,0,0,0,0,0,0,0,0,0,0,4,0,4,0,0,0,0,0,4,0,4,0,0,0,4,0,0,0,0,0,0,0,0,0,0,0,0,0,0,0,0,0,0,0,0,0,0,0,4,0,0,0,0
Black lives matter,0,0,0,0,0,14,0,2,0,0,0,0,0,0,0,0,0,24,0,0,0,0,0,0,0,0,0,0,0,0,0,0,0,0,0,3,0,0,0,0,0,0,0,0,0,0,0,0,0,0,0,0,0,0,0,0,5,0,1,0,6,0,0,0,0,0,0,0,0,0,0,0,0,0,0,0,0,0,0,0,0,0,0,0,0,1,0,0,1,12,0,1,0,0,4,0,0,0,0,0,15,0,0,0,1,0,0,0,0,0,0,7,3,0,6,6,2,0,0,3,0,1,0,0,0,0,0,0,0,0,0,0,0,0,0,0,0,0,0,19,0,0,1,0,0,1,0,0,0,3,0,0,1,0,0,0,0,5,0,16,1,0,3,1,0,4,1,9,4,0,0,0,1,0,0,0,0,0,0,0,0,0,0,0,0,0,0,4,0,0,0,0,6,0,0,4,3,0,0,1
Black4Black,0,0,0,0,0,1,0,0,0,0,0,0,0,0,0,0,0,0,28,0,0,0,0,0,0,0,0,0,0,0,0,0,0,0,0,0,0,0,0,0,0,0,24,0,0,0,0,0,0,0,3,0,0,0,0,0,0,0,0,0,1,0,0,0,0,0,0,0,0,0,0,0,0,0,0,0,0,0,0,0,0,0,0,0,0,0,0,0,0,18,0,0,0,0,6,0,0,6,0,0,2,2,0,2,13,0,0,0,0,0,0,0,0,6,1,0,3,0,0,0,0,5,0,0,0,7,0,0,0,1,0,0,9,0,0,0,0,0,0,0,0,0,0,0,0,0,0,0,0,0,0,3,3,0,0,0,0,18,0,0,3,0,0,0,0,24,27,3,0,0,0,7,4,0,1,0,0,0,3,0,0,0,0,0,0,0,5,0,0,0,0,0,0,0,0,8,0,5,0,5
Black_Baptist_church,0,0,0,0,0,0,0,0,0,0,0,0,0,0,0,0,0,0,0,13,0,0,0,0,0,0,0,0,0,0,0,0,0,0,0,0,0,0,0,0,0,0,8,0,0,0,0,0,0,0,1,0,0,0,0,0,0,0,0,0,0,0,0,0,0,0,0,0,0,0,0,0,0,0,0,0,0,0,0,0,0,0,0,0,0,0,0,0,0,13,0,1,0,0,0,0,0,2,0,0,2,0,0,3,6,0,0,0,0,0,0,0,3,0,1,0,8,0,0,0,0,0,0,0,0,0,0,0,0,0,0,0,1,0,0,0,0,0,0,0,0,0,1,0,0,0,0,0,0,0,0,4,0,0,0,0,0,13,0,0,0,0,0,0,0,10,11,0,0,0,0,2,0,0,12,5,6,0,0,0,0,0,0,0,0,0,4,0,0,0,0,0,0,0,0,13,0,0,0,0
Blacktivist,0,0,0,0,0,64,0,0,0,0,0,0,1,0,0,0,0,0,0,0,228,0,1,0,1,0,0,0,0,0,0,0,0,0,1,21,0,0,0,11,0,1,91,4,0,0,0,0,0,0,21,0,0,0,0,0,0,0,0,0,44,0,0,0,0,0,0,15,0,0,0,2,5,0,0,0,0,0,0,0,0,0,2,0,0,1,0,0,1,169,0,14,0,0,38,0,0,44,1,1,47,7,0,1,37,0,0,0,0,1,1,18,15,3,10,19,39,3,5,8,0,19,0,0,4,16,1,7,1,1,0,0,33,1,0,0,1,1,1,16,0,0,5,0,4,8,0,0,0,8,1,34,8,4,0,0,2,96,0,35,13,0,2,32,3,161,123,83,0,0,0,57,84,0,0,0,1,2,4,0,4,0,0,0,0,0,28,3,0,0,1,0,15,1,3,105,6,13,4,22
Born Liberal,0,0,0,0,0,3,0,0,0,0,0,0,0,0,0,0,0,0,0,0,0,7,0,0,0,0,0,0,0,0,0,0,0,0,0,0,0,0,0,0,0,0,4,0,0,0,0,0,0,6,0,1,0,0,0,0,0,0,0,0,0,0,0,0,0,0,0,0,0,0,0,0,0,0,0,0,0,0,0,0,0,0,0,0,0,0,0,0,0,4,0,0,0,0,4,0,0,1,0,0,1,0,0,0,0,0,0,0,0,0,0,0,2,2,0,0,1,0,3,0,0,0,0,0,0,0,0,0,1,0,0,0,4,0,0,0,0,0,0,0,0,0,0,0,0,0,0,0,0,3,0,0,0,0,0,0,1,3,0,0,0,0,0,1,1,0,0,0,0,0,0,0,0,0,0,0,0,0,0,0,0,0,0,0,0,0,3,0,0,0,0,0,0,0,1,5,0,0,0,0
Brown Power,0,0,0,0,0,33,0,0,0,0,0,0,0,0,0,0,0,0,0,0,1,0,186,0,0,0,0,0,0,0,0,0,0,0,0,9,0,0,0,41,0,0,66,0,0,0,0,0,0,0,17,0,0,0,0,0,0,0,0,0,17,0,0,0,0,0,0,7,0,3,0,0,4,0,0,0,0,0,0,0,0,0,0,0,0,1,2,0,1,100,0,0,0,0,34,0,2,54,0,3,5,9,0,3,30,0,0,0,0,8,8,1,12,2,1,0,22,0,4,0,0,13,0,0,4,48,2,9,0,0,1,1,26,37,5,12,0,0,11,0,3,0,1,0,4,43,0,0,0,22,0,18,13,9,0,0,9,73,0,0,14,0,1,10,1,97,100,34,0,0,0,51,57,0,4,2,7,0,7,0,3,0,0,0,0,0,32,1,0,0,2,0,1,1,6,87,0,8,8,23
China,0,0,0,0,0,0,0,0,0,1,0,0,0,0,0,0,0,0,0,0,0,0,0,1,0,0,0,0,0,0,0,0,0,0,0,0,0,0,0,0,0,0,0,0,0,0,0,0,0,0,0,0,0,0,0,0,0,0,0,0,0,0,0,0,0,0,0,0,0,0,0,0,0,0,0,0,0,0,0,0,0,0,0,0,0,0,0,0,0,0,0,0,0,0,0,0,0,0,0,0,0,0,0,0,0,0,0,0,0,0,0,0,0,0,0,0,0,0,0,0,0,0,0,0,0,0,0,0,0,0,0,0,1,0,0,0,0,0,0,0,0,0,0,0,0,0,0,0,0,0,0,0,0,0,0,0,0,0,0,0,0,0,0,0,0,0,0,0,0,0,0,1,0,0,0,0,0,0,0,0,0,0,0,0,0,0,0,0,0,0,0,0,0,0,0,0,0,0,0,1
Clinton,0,2,0,0,0,24,2,0,0,8,2,0,0,1,0,0,0,0,0,0,1,0,0,0,56,1,0,0,6,2,0,12,0,0,0,4,0,4,0,4,1,1,5,1,0,0,0,0,0,4,1,7,0,0,0,1,0,0,1,15,10,0,0,0,0,0,0,1,2,5,0,16,7,2,2,1,0,6,5,1,1,0,0,0,0,1,0,0,0,27,0,2,0,0,19,0,1,5,34,0,6,1,0,0,1,0,1,0,0,1,1,6,5,4,1,0,15,0,4,1,0,2,0,0,0,4,2,2,0,1,0,1,10,4,0,2,0,0,4,1,2,0,1,0,0,10,0,0,0,14,0,1,2,0,0,0,6,21,0,0,5,0,1,0,1,12,9,11,0,1,0,25,6,1,4,2,1,2,0,0,1,0,0,0,0,0,8,4,0,1,8,0,2,30,7,26,5,2,5,5
Clinton FRAUDation,0,0,0,0,0,1,0,0,0,0,0,0,0,0,0,0,0,0,0,0,0,0,0,0,1,1,0,0,0,0,0,0,0,0,0,1,0,0,0,0,0,0,0,0,0,0,0,0,0,0,0,0,0,0,0,0,0,0,0,0,0,0,0,0,0,0,0,0,0,0,0,0,1,0,0,0,0,0,0,0,0,0,0,0,0,0,0,0,0,1,0,0,0,0,0,0,0,1,1,0,0,0,0,0,0,0,0,0,0,0,0,0,1,0,0,0,1,0,0,0,0,0,0,0,0,0,0,0,0,0,0,0,1,0,0,0,0,0,0,0,0,0,0,0,0,0,0,0,0,0,0,0,0,0,0,0,0,0,0,0,0,0,0,0,0,0,0,0,0,0,0,1,0,0,0,0,0,0,0,0,0,0,0,0,0,0,0,0,0,0,0,0,0,1,0,0,0,0,0,0
Confederacy,0,5,0,0,0,16,0,1,0,5,0,0,0,4,0,0,0,0,0,0,0,0,0,0,0,0,40,23,6,2,0,2,0,0,1,7,0,2,0,1,0,1,13,0,0,0,0,0,0,2,0,3,0,0,0,0,0,0,5,4,5,0,0,11,0,0,0,0,2,8,0,3,6,0,0,0,0,1,1,0,0,0,2,0,0,0,0,0,3,6,0,4,0,1,22,0,1,2,1,3,4,0,0,0,6,0,0,0,0,2,0,3,6,1,3,3,2,0,2,4,0,0,0,0,0,2,4,5,1,0,1,1,17,1,0,0,0,0,3,3,0,0,1,0,0,3,0,0,0,19,3,2,2,2,0,0,16,7,0,0,0,0,0,1,0,12,8,10,0,1,0,24,8,0,2,0,1,2,0,0,2,2,1,0,0,0,10,1,0,0,1,0,1,3,5,25,4,0,1,2
Confederate flag,0,5,0,0,0,13,0,0,0,4,0,0,0,1,0,0,0,0,0,0,0,0,0,0,0,0,23,28,5,1,0,0,0,0,0,4,0,2,0,1,0,1,10,0,0,0,0,0,0,1,0,3,0,0,0,0,0,0,3,3,5,0,0,9,0,0,0,0,3,5,0,2,5,0,0,0,0,0,0,0,0,0,0,0,0,0,0,0,0,6,0,3,0,0,22,0,1,1,0,3,2,0,0,1,5,0,0,0,0,2,0,3,2,0,3,3,1,0,1,4,0,0,0,0,0,1,5,6,0,0,0,0,12,0,0,0,0,0,3,5,0,0,2,0,0,3,0,0,0,15,1,0,0,2,0,0,12,3,0,0,0,0,0,1,0,6,5,4,0,1,0,23,5,0,0,0,1,2,0,0,2,2,1,0,0,0,5,2,0,0,1,0,0,1,4,20,1,0,1,0
Conservative,0,8,0,1,0,16,2,0,0,2,0,0,0,0,0,0,0,0,0,0,0,0,0,0,6,0,6,5,56,8,0,12,0,0,0,9,0,0,0,4,0,1,10,1,0,0,3,3,0,8,1,24,0,0,0,0,0,0,10,23,0,0,0,0,0,0,0,2,8,13,7,25,15,0,0,0,0,0,0,0,0,0,4,0,1,7,2,0,6,17,0,7,0,0,29,2,8,0,4,3,7,0,0,0,4,0,0,0,0,1,1,6,8,6,8,4,2,0,6,8,0,1,0,0,0,2,9,7,1,0,9,9,19,8,0,2,0,0,7,8,0,0,6,0,0,5,0,0,0,14,2,0,0,0,0,0,16,12,0,4,0,0,4,1,0,11,7,5,0,3,0,34,4,9,8,6,6,8,1,0,0,1,0,0,0,0,7,4,0,2,1,0,1,12,3,31,3,1,6,6
Constitution,0,3,0,0,0,7,0,0,0,9,0,0,0,1,0,0,0,0,0,0,0,0,0,0,2,0,2,1,8,26,0,3,0,0,3,2,0,2,0,1,0,0,7,0,0,0,0,0,0,1,1,9,0,0,0,0,0,0,6,8,2,0,0,0,0,0,0,1,6,6,0,8,12,0,0,0,0,0,0,0,0,0,2,0,0,7,4,0,5,4,0,3,0,0,13,1,5,1,3,3,5,1,0,0,1,0,0,0,0,1,1,3,5,2,3,4,0,0,7,3,0,0,0,0,0,1,4,3,1,0,6,5,4,6,0,0,0,0,6,5,0,0,2,0,0,2,0,0,0,10,0,2,1,2,0,0,12,6,0,2,0,0,1,1,0,11,4,3,0,0,0,15,3,5,4,1,1,8,1,0,3,0,0,0,0,0,8,7,0,2,2,0,0,3,6,14,2,1,1,2
Defend the 2nd,0,66,0,0,0,2,0,0,0,0,0,0,0,0,0,0,0,0,0,0,0,0,0,0,0,0,0,0,0,0,76,0,0,0,0,5,0,0,0,2,0,0,60,0,0,0,0,0,0,0,15,0,0,0,0,0,0,0,0,0,0,0,0,0,0,0,0,1,0,0,0,0,24,0,0,0,0,0,0,0,0,0,0,0,0,0,0,0,0,65,0,0,0,0,6,0,0,8,0,12,26,0,0,0,8,0,0,0,0,7,0,2,9,8,0,0,6,0,1,4,0,3,0,0,0,11,29,57,0,0,0,0,31,1,0,0,0,17,0,0,0,0,9,0,0,6,0,0,0,32,4,7,14,0,0,0,38,45,0,0,0,0,0,0,1,0,0,0,0,0,0,11,0,0,0,0,0,0,0,0,0,0,0,0,0,0,9,0,7,0,0,0,0,0,3,42,0,0,1,13
Democrat,0,4,0,0,0,10,0,1,0,2,2,0,0,0,0,0,0,0,0,0,0,0,0,0,12,0,2,0,12,3,0,48,0,0,0,1,0,0,0,0,0,2,9,2,0,0,0,2,0,11,3,9,0,0,0,0,0,1,6,25,4,0,0,0,0,1,0,0,1,3,0,12,4,0,0,0,0,0,7,0,0,0,4,0,0,2,1,0,1,18,0,16,0,0,12,1,1,1,6,2,13,1,0,0,2,0,0,0,0,0,0,4,6,4,12,8,4,1,6,3,0,1,0,0,1,3,4,3,3,0,3,2,1,5,0,1,0,0,1,13,0,0,3,0,0,4,0,2,0,18,0,0,1,1,0,0,11,11,0,2,3,0,2,1,0,18,13,10,0,1,0,13,6,0,5,0,3,3,1,0,1,0,0,0,0,0,5,4,0,1,4,0,1,19,7,17,13,1,2,2
Don't Shoot,0,0,0,0,0,18,0,0,0,1,0,0,0,0,0,0,0,0,0,0,0,0,0,0,0,0,0,0,0,0,0,0,41,0,3,18,0,0,0,0,0,0,0,0,0,0,0,0,0,0,0,0,0,0,0,0,0,0,0,0,8,0,0,0,0,0,0,0,0,0,0,0,10,0,0,0,0,0,0,0,0,0,0,0,0,7,0,0,0,41,0,4,0,0,10,0,0,0,0,0,13,0,0,0,0,0,0,0,0,0,0,14,3,0,1,2,0,0,0,0,0,0,0,0,9,1,5,22,0,0,0,0,21,0,0,0,0,0,0,4,0,0,0,0,0,0,0,0,0,2,0,11,0,0,0,0,3,6,0,31,0,0,2,0,0,5,2,5,0,0,0,21,7,0,0,0,0,1,0,0,0,0,0,0,0,0,10,0,0,0,1,0,1,0,0,12,1,3,0,12
Don’t Shoot,0,0,0,0,0,13,0,0,0,0,0,0,0,0,0,0,0,0,0,0,0,0,0,0,0,0,0,0,0,0,0,0,0,16,0,13,0,0,0,0,0,0,0,0,0,0,0,0,0,0,1,0,0,0,0,0,0,0,0,0,8,0,0,0,0,0,0,0,0,0,0,0,4,0,0,0,0,0,0,0,0,0,0,0,0,1,0,0,0,13,0,1,0,0,7,0,0,2,0,0,2,0,0,0,0,0,0,0,0,0,0,9,8,0,0,0,0,0,0,0,0,0,0,0,0,0,1,8,0,0,0,0,14,0,0,0,0,0,0,1,0,0,0,0,0,1,0,0,0,4,0,4,0,0,0,0,1,0,0,14,0,0,0,0,0,3,2,3,0,0,0,8,1,0,0,0,0,0,0,0,0,0,0,0,0,0,0,0,0,0,0,0,1,0,0,5,0,2,0,5
Facebook,0,0,0,0,0,22,0,0,0,4,0,0,0,2,0,0,0,0,0,0,1,0,0,0,0,0,1,0,0,3,0,0,3,0,48,10,0,0,0,17,0,0,11,0,0,0,0,0,0,0,0,0,20,0,0,0,0,0,0,0,5,0,0,0,0,8,0,0,0,0,0,0,6,0,0,0,0,10,0,0,0,0,0,0,0,0,0,0,1,22,0,1,0,0,7,0,4,5,0,2,13,1,0,0,9,0,0,0,0,0,0,10,2,0,0,1,1,0,5,0,1,1,0,0,1,4,0,2,0,0,3,2,2,8,0,1,0,0,5,1,0,0,1,0,0,23,0,0,0,5,0,18,3,3,0,0,10,34,0,7,12,0,2,4,1,17,14,14,0,0,0,14,8,0,0,0,0,0,0,0,4,0,0,0,0,0,31,3,0,1,3,0,0,0,5,16,1,0,12,4
Fear,0,15,3,2,0,186,2,64,0,7,0,0,0,20,0,4,0,3,0,0,21,0,9,0,4,1,7,4,9,2,5,1,18,13,10,317,0,1,1,6,0,15,17,2,0,0,6,6,0,3,4,8,1,0,0,0,0,4,8,6,104,7,0,0,0,19,3,6,18,6,0,11,37,10,0,0,6,19,1,0,1,1,3,0,1,22,1,0,13,212,0,39,0,1,73,1,32,45,4,5,64,9,1,4,61,0,0,0,1,3,3,97,79,5,18,34,11,0,26,16,2,14,0,0,3,28,31,59,0,1,27,4,97,56,1,31,5,0,39,37,0,0,12,0,3,24,0,1,2,65,7,43,27,3,0,0,18,120,0,113,3,0,11,9,4,175,106,126,0,5,0,87,39,29,18,5,6,27,0,0,12,1,0,0,0,1,52,7,0,1,4,0,26,5,22,154,16,6,4,79
Harvard BLSA,0,0,0,0,0,0,0,0,0,0,0,0,0,0,0,0,0,0,0,0,0,0,0,0,0,0,0,0,0,0,0,0,0,0,0,0,1,0,0,0,0,0,1,0,0,0,0,0,0,0,0,0,0,0,0,0,0,0,0,0,0,0,0,0,0,0,0,0,0,0,0,0,0,0,0,0,0,0,0,0,0,0,0,0,0,0,0,0,0,1,0,0,0,0,0,0,0,0,0,0,0,0,0,0,1,0,0,0,0,0,0,0,0,0,0,0,0,0,0,0,0,1,0,0,0,0,0,0,0,0,0,0,0,0,0,0,0,0,0,0,0,0,0,0,0,0,0,0,0,0,0,0,0,0,0,0,0,1,0,0,0,0,0,0,0,1,1,0,0,0,0,0,0,0,0,0,0,0,0,0,0,0,0,0,0,0,0,0,0,0,0,0,0,0,0,0,0,0,0,0
Heart of Texas,0,0,0,0,0,5,0,0,0,0,0,0,0,0,0,0,0,0,0,0,0,0,0,0,4,0,2,2,0,2,0,0,0,0,0,1,0,44,0,4,0,0,32,0,0,0,0,0,0,0,15,1,0,0,0,0,0,0,0,1,0,0,0,0,0,0,0,0,0,40,0,1,9,0,0,0,0,0,0,0,0,0,0,0,0,1,0,0,0,3,0,0,0,0,42,0,0,0,4,4,0,0,0,0,1,0,0,0,0,7,7,1,1,1,0,0,0,0,0,2,2,0,0,0,0,2,14,3,0,0,0,0,38,1,0,2,0,0,0,0,0,0,1,0,0,0,0,0,0,18,1,19,0,1,0,0,15,5,0,0,1,0,0,0,0,0,0,2,0,1,0,41,1,1,1,0,1,0,0,0,2,0,0,0,0,0,10,0,0,1,1,0,0,4,2,42,0,3,0,1
Hell_and_Back,0,0,0,0,0,5,0,0,0,0,0,0,0,0,0,0,0,0,0,0,0,0,0,0,0,0,0,0,0,0,0,0,0,0,0,1,0,0,9,0,0,0,3,0,0,0,0,0,0,0,1,0,0,0,0,0,0,0,0,0,1,0,0,0,0,0,0,2,0,0,0,0,0,0,0,0,0,0,0,0,0,0,0,0,0,0,0,0,1,7,0,0,0,0,0,0,0,0,0,0,0,2,0,0,0,0,0,0,0,0,0,2,1,0,0,0,2,0,0,0,0,0,0,0,0,0,0,0,0,0,0,0,1,0,0,0,0,0,0,1,0,0,0,0,0,0,0,0,0,0,0,0,1,0,0,0,0,6,0,0,2,0,7,0,0,1,1,1,0,0,0,0,3,0,0,0,0,0,0,0,0,0,0,0,0,0,2,0,0,0,0,0,0,0,0,5,0,2,0,0
Humor,0,2,0,0,0,38,1,9,0,3,1,0,1,0,0,0,0,0,0,0,11,0,41,0,4,0,1,1,4,1,2,0,0,0,17,6,0,4,0,264,0,0,35,1,0,0,9,10,1,1,14,1,82,0,0,0,0,2,2,1,8,0,0,0,0,0,6,13,1,2,3,5,2,0,0,0,0,7,3,1,0,0,0,0,0,2,0,0,0,129,0,0,0,0,50,1,18,52,2,5,10,6,0,6,19,0,0,0,2,1,0,5,28,2,0,3,34,2,2,0,0,21,0,0,1,28,1,9,2,0,18,0,52,23,0,20,0,0,3,2,3,0,0,1,8,159,0,4,0,27,1,63,28,4,0,0,5,75,0,5,31,0,3,3,6,76,74,16,0,7,0,58,38,18,6,2,1,0,0,0,1,0,0,0,0,0,42,6,0,0,0,0,3,4,6,103,7,4,96,46
Instagram,0,1,0,0,0,2,0,0,0,0,0,0,0,0,0,0,0,0,0,0,0,0,0,0,1,0,0,0,0,0,0,0,0,0,0,0,0,0,0,0,4,0,1,0,0,0,0,0,0,0,0,1,0,0,0,0,0,0,0,0,0,0,0,0,0,0,0,0,0,0,0,1,0,0,0,0,0,0,0,2,1,0,0,0,0,0,0,0,0,1,0,0,0,0,1,0,0,0,1,1,0,0,0,0,1,0,0,0,0,0,0,0,0,0,0,0,1,0,1,0,0,0,0,0,0,0,0,1,0,0,0,1,0,1,0,1,0,0,1,0,0,0,0,0,0,0,0,0,0,1,0,1,1,0,0,0,1,3,0,0,0,0,1,0,0,1,2,2,0,0,1,1,2,0,0,0,0,0,0,0,0,0,0,0,0,0,3,0,0,0,0,0,0,0,0,0,0,0,0,0
Islamophobia,0,1,2,1,0,19,0,2,0,5,0,0,0,0,0,0,0,0,0,0,1,0,0,0,1,0,1,1,1,0,0,2,0,0,0,15,0,0,0,0,0,47,2,0,0,0,0,0,0,3,1,2,0,0,0,0,0,0,0,2,11,0,0,0,0,4,0,0,14,5,0,2,9,8,0,0,0,0,0,0,0,0,2,0,0,1,0,0,1,19,0,1,0,0,16,0,0,2,1,0,4,1,1,1,4,0,0,0,0,2,2,6,13,0,6,10,0,0,9,5,1,1,0,1,0,3,1,2,1,0,1,0,10,8,0,5,0,0,10,4,3,0,5,0,0,6,0,0,2,9,6,3,3,0,0,0,7,18,0,3,1,0,0,5,0,7,11,12,0,0,0,17,0,7,24,1,5,3,0,0,2,0,0,0,0,0,6,1,0,0,3,0,1,3,6,21,0,1,0,5
Joy,0,60,0,0,0,83,8,168,12,50,1,0,15,16,0,8,0,0,24,8,91,4,66,0,5,0,13,10,10,7,60,9,0,0,11,17,1,32,3,35,1,2,1006,8,1,3,50,61,5,11,146,6,2,6,11,0,0,31,3,10,44,2,1,7,3,52,0,57,0,33,5,14,144,27,17,1,1,51,32,4,0,0,3,0,0,16,19,2,3,654,0,49,0,0,302,2,12,200,2,58,110,35,0,57,207,0,1,0,0,28,24,28,102,24,73,40,155,7,12,45,8,120,1,0,24,102,61,78,5,3,5,4,322,41,4,10,2,17,13,34,5,0,24,0,26,52,0,2,2,140,8,203,59,29,1,0,146,492,0,28,117,2,7,46,31,479,500,123,0,45,0,345,165,4,58,19,41,3,31,1,30,1,0,0,0,0,173,23,7,1,32,0,20,16,37,569,55,111,28,103
Kaepernick,0,0,0,0,0,5,0,0,0,0,0,0,0,0,0,0,0,0,0,0,4,0,0,0,1,0,0,0,1,0,0,2,0,0,0,2,0,0,0,1,0,0,8,15,0,0,0,0,0,1,1,1,0,0,0,1,0,0,0,2,3,0,0,0,0,0,0,1,3,0,0,1,0,0,0,0,0,1,2,0,0,0,1,0,0,3,0,0,0,10,0,7,0,0,1,1,0,1,0,0,5,1,0,0,0,0,0,0,0,0,0,3,1,0,3,4,7,7,0,1,0,0,0,0,0,0,2,3,1,0,0,0,2,0,0,0,0,0,0,5,0,0,0,0,0,1,0,0,0,1,0,0,0,1,0,0,1,8,0,3,4,0,1,4,0,9,11,8,0,0,0,6,0,0,0,0,0,2,0,0,0,0,0,0,0,0,1,2,0,0,0,0,2,1,0,6,11,0,0,2
L For Life,0,0,0,0,0,0,0,0,0,0,0,0,0,0,0,0,0,0,0,0,0,0,0,0,0,0,0,0,0,0,0,0,0,0,0,0,0,0,0,0,0,0,1,0,1,0,0,0,0,0,1,0,0,0,0,0,0,0,0,0,0,0,0,0,0,0,0,0,0,0,0,0,0,0,0,0,0,0,0,0,0,0,0,0,0,0,0,0,0,0,0,0,0,0,1,0,0,0,0,0,0,0,0,0,0,0,0,0,0,0,0,0,0,0,0,0,0,0,0,0,0,0,0,0,0,0,0,0,0,0,0,0,0,0,0,0,0,0,0,0,0,0,0,0,0,0,0,0,0,0,0,0,0,0,0,0,0,1,0,0,0,0,0,0,0,0,0,0,0,0,0,0,0,0,0,0,0,0,0,0,0,0,0,0,0,0,0,0,0,0,0,0,0,0,0,1,0,0,0,0
LGBT,0,0,0,0,0,1,0,0,0,0,0,0,0,0,0,0,0,0,0,0,0,0,0,0,0,0,0,0,0,0,0,0,0,0,0,0,0,0,0,0,0,0,3,0,0,5,4,5,1,0,3,0,0,0,0,0,0,0,0,0,0,0,0,0,0,0,0,0,0,0,0,0,0,0,0,0,0,0,0,0,0,0,0,0,0,0,0,0,0,1,0,0,0,0,2,0,0,1,0,0,0,0,0,0,0,0,0,0,0,0,0,0,1,0,0,1,1,0,0,0,0,0,0,0,0,0,0,1,0,0,0,0,2,0,0,0,0,0,0,0,0,0,0,0,0,0,0,0,0,0,0,0,0,0,0,0,0,3,0,0,0,0,0,2,0,0,0,0,0,0,0,2,0,0,1,1,0,0,0,0,0,0,0,0,0,0,0,0,0,0,0,0,0,0,0,2,0,0,0,0
LGBT United,0,0,0,0,0,25,0,0,0,1,1,0,0,0,0,0,0,0,0,0,0,0,0,0,0,0,0,0,3,0,0,0,0,0,0,6,0,0,0,9,0,0,50,0,0,4,100,100,1,0,22,0,0,0,0,0,0,0,0,1,14,0,0,0,0,0,0,8,0,0,0,0,6,0,0,0,0,0,0,0,0,0,0,0,0,0,0,0,0,28,0,0,0,0,13,0,0,5,0,2,24,0,0,0,5,0,0,0,0,0,0,3,4,1,0,9,10,0,0,2,0,36,0,0,0,7,4,1,1,0,0,0,44,0,0,0,0,0,0,1,0,0,1,0,14,7,0,0,0,6,1,31,2,2,0,0,4,24,0,0,8,0,0,2,6,3,0,0,0,64,0,11,16,0,8,6,6,0,0,0,0,0,0,0,0,0,12,0,0,0,1,0,0,2,3,26,0,6,2,4
LGBTQ,0,0,0,0,1,29,0,0,0,2,1,0,0,0,0,0,0,0,0,0,0,0,0,0,0,0,0,0,3,0,0,2,0,0,0,6,0,0,0,10,0,0,61,0,0,5,100,122,9,4,26,0,0,0,0,0,0,2,0,1,17,0,0,0,0,0,0,9,0,0,0,0,7,0,0,0,0,0,0,0,0,0,0,0,0,3,1,0,0,34,0,1,0,0,15,1,0,5,0,3,29,1,0,1,6,0,0,0,0,0,0,5,5,1,3,18,15,0,0,3,0,45,0,0,0,7,5,2,2,0,0,0,48,0,0,0,0,0,0,3,0,0,1,0,17,8,0,1,0,10,1,36,2,2,0,0,6,31,0,1,10,0,0,3,7,5,2,1,0,73,0,12,19,0,10,6,6,1,0,0,0,0,0,0,0,0,17,1,0,0,2,0,0,2,3,33,2,7,3,6
LGBTQ United,0,0,0,0,0,1,0,0,0,0,0,0,0,0,0,0,0,0,0,0,0,0,0,0,0,0,0,0,0,0,0,0,0,0,0,0,0,0,0,1,0,0,5,0,0,1,1,9,9,0,2,0,0,0,0,0,0,0,0,0,2,0,0,0,0,0,0,1,0,0,0,0,0,0,0,0,0,0,0,0,0,0,0,0,0,2,0,0,0,1,0,0,0,0,1,0,0,0,0,1,1,0,0,0,0,0,0,0,0,0,0,0,0,0,1,3,3,0,0,0,0,1,0,0,0,0,0,0,1,0,0,0,3,0,0,0,0,0,0,0,0,0,0,0,2,0,0,0,0,1,0,3,0,0,0,0,0,5,0,0,1,0,0,1,0,0,0,0,0,4,0,0,1,0,0,0,0,0,0,0,0,0,0,0,0,0,1,0,0,0,0,0,0,0,0,3,1,0,1,0
Liberal,0,2,0,0,1,13,0,0,0,10,2,0,0,0,0,0,0,0,0,0,0,6,0,0,4,0,2,1,8,1,0,11,0,0,0,3,0,0,0,1,0,3,11,1,0,0,0,4,0,47,3,9,0,0,0,0,0,0,3,5,4,0,0,0,0,0,0,0,4,0,3,8,4,0,0,1,0,0,0,0,0,0,3,0,0,2,1,1,0,17,0,4,0,0,15,1,1,4,1,3,5,0,0,0,1,0,0,0,0,0,0,3,9,5,9,9,4,0,4,6,0,4,0,0,0,3,4,4,2,1,0,0,11,1,0,0,2,0,0,8,0,0,5,0,0,4,0,1,0,17,2,0,0,0,0,0,15,11,0,1,0,0,1,3,2,3,4,3,0,2,0,12,3,2,7,1,2,1,1,0,2,0,0,0,0,0,9,5,0,1,3,0,0,7,4,20,3,1,5,8
Love,0,15,0,2,1,23,2,46,2,11,0,0,3,5,0,0,0,0,3,1,21,0,17,0,1,0,0,0,1,1,15,3,0,1,0,4,0,15,1,14,0,1,146,1,1,3,22,26,2,3,246,0,3,2,2,0,0,5,0,2,29,0,0,0,1,3,0,15,1,13,0,2,27,1,1,0,0,6,9,0,0,0,0,1,0,7,6,0,0,132,0,9,0,0,64,0,1,63,1,11,32,14,0,1,39,0,0,0,0,12,8,5,16,4,14,16,36,1,0,15,1,34,0,0,8,28,13,22,2,0,0,2,62,8,1,2,1,9,2,16,1,0,2,0,7,18,0,1,2,37,0,47,9,6,0,1,29,123,0,9,23,0,1,4,2,119,96,28,0,16,0,76,41,0,11,6,5,2,9,0,10,0,0,0,1,0,33,5,0,0,10,0,3,1,6,116,16,21,14,27
MAGA,0,6,0,1,0,11,1,0,1,1,0,0,0,0,0,0,0,0,0,0,0,1,0,0,7,0,3,3,24,9,0,9,0,0,0,8,0,1,0,1,1,2,6,1,0,0,0,0,0,9,0,49,0,0,0,0,0,0,7,22,4,0,0,0,0,0,0,1,14,12,0,34,8,0,1,0,0,0,0,5,0,0,4,0,0,7,0,0,10,8,0,4,0,0,18,2,11,1,4,2,3,2,0,0,0,0,0,0,0,1,1,5,6,6,10,5,3,0,7,8,0,0,0,0,0,1,6,6,2,0,12,11,4,11,0,4,0,0,8,10,0,0,6,0,0,0,0,0,0,21,3,0,0,0,0,0,16,12,0,2,0,0,4,2,1,9,6,3,0,0,0,19,6,12,7,2,2,11,0,0,1,0,0,0,0,0,10,4,0,0,1,0,0,14,6,17,2,0,6,1
Memopolis,0,0,0,0,0,1,0,0,0,0,0,0,0,0,0,0,0,0,0,0,0,0,0,0,0,0,0,0,0,0,0,0,0,0,20,1,0,0,0,82,0,0,2,0,0,0,0,0,0,0,3,0,95,0,0,0,0,0,0,0,1,0,0,0,0,0,0,0,0,0,0,0,0,0,0,0,0,0,0,0,0,0,0,0,0,0,0,0,0,47,0,0,0,0,17,1,0,13,0,0,0,0,0,2,3,0,0,0,0,0,0,1,0,0,0,0,10,1,0,0,0,3,0,0,0,10,0,0,0,0,0,0,5,0,0,0,0,0,0,0,0,0,0,0,2,77,0,0,0,0,0,47,5,1,0,0,1,22,0,0,22,0,1,0,5,5,1,2,0,1,0,19,17,0,1,0,0,0,0,0,0,0,0,0,0,0,16,0,0,0,0,0,0,0,1,38,1,1,48,14
Native Americans United,0,0,0,0,0,2,0,0,0,0,0,0,0,0,0,0,0,0,0,0,0,0,0,0,0,0,0,0,0,0,0,0,0,0,0,0,0,0,0,0,0,0,6,0,0,0,0,0,0,0,2,0,0,11,0,0,0,0,0,0,0,0,0,0,0,0,0,1,0,0,0,0,0,0,0,0,0,0,0,0,0,0,0,0,0,0,0,1,0,5,0,0,0,0,4,0,0,3,0,0,1,0,0,0,1,0,0,0,0,0,0,0,1,1,0,0,0,0,1,0,1,0,0,0,0,4,0,0,0,0,0,0,4,0,1,0,0,0,0,0,0,0,0,0,2,1,0,0,0,2,0,0,1,2,0,0,1,3,0,0,0,0,0,1,2,3,6,1,0,0,0,2,1,0,0,0,0,0,0,0,0,0,0,0,0,0,1,0,0,0,0,0,0,0,0,5,0,1,0,3
Nefertiti's Community,0,0,0,0,0,0,0,0,0,0,0,0,0,0,0,0,0,0,0,0,0,0,0,0,0,0,0,0,0,0,0,0,0,0,0,0,0,0,0,0,0,0,11,0,0,0,0,0,0,0,2,0,0,0,12,0,0,0,0,0,0,0,0,0,0,0,0,0,0,0,0,0,0,0,0,0,0,0,0,0,0,0,0,0,0,0,0,0,0,3,0,0,0,0,0,0,0,8,0,0,2,0,0,0,0,0,0,0,0,0,0,0,4,0,1,0,1,0,0,0,0,0,1,0,0,1,0,0,0,0,0,0,10,0,0,0,0,0,0,2,0,0,0,0,0,0,0,0,0,0,0,3,8,0,0,0,0,1,0,0,0,0,0,0,0,6,10,0,0,0,0,7,1,0,4,4,4,0,0,0,0,0,0,0,0,0,1,0,0,0,0,0,0,0,0,1,8,5,4,5
Nefertiti’s Community,0,0,0,0,0,1,0,0,0,0,0,0,0,0,0,0,0,0,0,0,0,0,0,0,1,0,0,0,0,0,0,0,0,0,0,0,0,0,0,0,0,0,0,1,0,0,0,0,0,0,0,0,0,0,0,1,0,0,0,0,0,0,0,0,0,0,0,0,0,0,0,1,0,0,0,0,0,0,0,0,0,0,0,0,0,0,0,0,0,1,0,0,0,0,0,0,0,0,0,0,1,0,0,0,0,0,0,0,0,0,0,0,0,0,0,0,0,0,0,0,0,0,0,0,0,0,0,0,0,0,0,0,0,0,0,0,0,0,0,0,0,0,0,0,0,0,0,0,0,0,0,0,0,0,0,0,0,1,0,0,0,0,0,0,0,1,0,1,0,0,0,1,0,0,0,0,0,0,0,0,0,0,0,0,0,0,0,0,0,0,0,0,0,1,0,0,1,0,0,0
Oppression,0,0,0,0,0,0,0,0,0,0,0,0,0,0,0,0,0,5,0,0,0,0,0,0,0,0,0,0,0,0,0,0,0,0,0,0,0,0,0,0,0,0,0,0,0,0,0,0,0,0,0,0,0,0,0,0,5,0,0,0,0,0,0,0,0,0,0,0,0,0,0,0,0,0,0,0,0,0,0,0,0,0,0,0,0,0,0,0,0,5,0,0,0,0,0,0,0,0,0,0,5,0,0,0,0,0,0,0,0,0,0,0,0,0,4,1,0,0,0,0,0,0,0,0,0,0,0,0,0,0,0,0,0,0,0,0,0,0,0,5,0,0,0,0,0,0,0,0,0,0,0,0,0,0,0,0,0,0,0,4,0,0,0,0,0,0,0,0,4,0,0,0,1,0,0,0,0,0,0,0,0,0,0,0,0,0,0,4,0,0,0,0,0,0,0,0,0,0,0,0
Pan-African roots MOVE,0,0,0,0,0,18,0,0,0,0,0,0,0,0,0,0,0,0,0,0,0,0,0,0,0,0,0,0,0,0,0,1,0,0,0,4,0,0,0,2,0,0,31,0,0,0,0,2,0,0,5,0,0,0,0,0,0,54,0,1,8,0,0,0,0,0,0,6,0,0,0,0,0,0,0,0,0,0,0,0,0,0,0,0,0,0,0,0,0,40,0,2,0,0,7,0,0,12,0,0,7,0,0,0,13,0,0,0,0,1,2,3,2,1,2,2,8,0,5,2,0,10,0,0,1,7,0,0,2,0,0,0,5,1,0,0,1,0,2,1,0,0,2,0,0,6,0,0,0,2,0,12,2,0,1,0,0,27,0,4,4,0,2,3,1,39,35,17,0,0,0,8,14,0,0,0,0,0,1,0,0,0,0,0,0,0,9,0,0,0,0,0,6,1,4,22,1,4,2,6
REAL AMERICA,0,8,0,0,0,7,0,0,0,1,0,0,0,0,0,0,0,1,0,0,0,0,0,0,1,0,5,3,10,6,0,6,0,0,0,8,0,0,0,2,0,0,3,0,0,0,0,0,0,3,0,7,0,0,0,0,0,0,29,6,3,0,0,0,0,0,0,1,1,1,0,8,4,0,0,0,0,0,0,0,0,0,5,0,0,0,2,1,2,5,0,3,0,0,9,1,4,1,2,2,2,1,0,0,2,0,0,0,0,1,0,8,2,5,9,5,1,0,3,11,1,0,1,0,0,0,8,5,3,0,2,4,6,3,2,2,0,0,2,7,1,0,6,0,0,2,0,1,0,14,0,1,1,0,0,0,9,8,0,3,1,0,3,3,0,5,6,3,0,0,0,10,1,2,4,2,5,4,2,0,0,1,1,0,0,0,6,4,0,0,0,0,1,4,3,10,1,2,3,1
Republican,0,6,0,0,0,18,1,2,1,2,1,0,0,0,0,0,0,0,0,0,0,0,0,0,15,0,4,3,23,8,0,25,0,0,0,6,0,1,0,1,0,2,10,2,0,0,1,1,0,5,2,22,0,0,0,0,0,1,6,60,11,0,0,0,0,0,0,1,9,11,0,27,9,1,2,1,0,0,6,0,0,0,2,0,0,8,2,0,7,25,0,14,0,0,20,1,8,1,10,0,11,2,0,0,3,1,0,0,0,1,1,7,10,10,11,4,7,1,8,5,0,0,0,0,1,3,6,5,2,0,10,9,7,9,0,1,1,0,8,12,1,1,6,0,0,4,0,0,0,18,2,0,1,2,0,0,11,13,0,3,1,0,5,3,2,21,14,11,0,1,0,26,10,11,4,2,2,10,0,0,0,0,0,0,0,0,6,10,0,2,6,0,1,16,6,26,11,0,6,4
Sadness,0,6,1,4,0,230,0,104,0,18,1,0,0,68,1,2,4,6,1,0,44,0,17,0,10,0,5,5,0,2,0,4,8,8,5,104,0,0,1,8,0,11,44,3,0,0,14,17,2,4,29,4,1,0,0,0,0,8,3,11,430,0,0,1,0,4,0,10,14,3,0,11,23,13,2,1,4,30,6,0,2,0,3,2,0,14,2,0,5,304,0,71,1,1,83,0,3,66,5,2,117,29,2,4,118,0,1,0,1,0,0,109,56,7,19,45,36,5,19,34,1,18,0,1,49,52,29,31,5,4,2,5,61,18,2,4,2,0,11,66,4,0,11,0,3,26,0,0,0,38,5,66,9,6,0,0,25,244,0,168,13,0,15,17,11,253,134,204,0,8,0,113,40,7,17,1,3,23,5,0,15,0,0,0,0,0,77,7,0,1,21,0,33,4,25,239,23,17,16,43
Secured Borders,0,0,0,0,0,4,0,0,0,0,0,0,0,0,0,0,0,0,0,0,0,0,0,0,0,0,0,0,0,0,0,0,0,0,0,7,0,0,0,0,0,0,2,0,0,0,0,0,0,0,0,0,0,0,0,0,0,0,0,0,0,16,0,0,0,0,0,0,0,0,0,0,7,0,0,0,0,0,0,0,0,0,0,0,0,5,1,0,9,7,0,0,0,0,2,0,12,1,0,1,1,1,0,0,0,0,0,0,0,0,0,5,4,0,0,0,0,0,2,0,1,0,0,0,0,7,0,0,0,0,2,5,7,15,0,3,0,0,12,0,0,0,0,0,0,0,0,0,0,6,0,9,0,0,0,0,6,9,0,0,0,0,0,0,0,1,0,1,0,0,0,6,0,1,0,0,0,3,0,0,0,0,0,0,0,0,1,0,0,0,0,0,0,0,0,0,0,0,0,13
Source Excellence,0,0,0,0,0,0,0,0,0,0,0,0,0,0,0,0,0,0,0,0,0,0,0,0,0,0,0,0,0,0,0,0,0,0,0,0,0,0,0,0,0,0,1,0,0,0,0,0,0,0,0,0,0,0,0,0,0,0,0,0,0,0,1,0,0,0,0,0,0,0,0,0,0,0,0,0,0,0,0,0,0,0,0,0,0,0,0,0,0,1,0,0,0,0,0,0,0,0,0,0,0,0,0,0,1,0,0,0,0,0,0,0,0,0,0,0,0,0,0,0,0,0,0,0,0,1,0,0,0,0,0,0,0,0,0,0,0,0,0,0,0,0,0,0,0,0,0,0,0,0,0,0,0,0,0,0,0,1,0,0,0,0,0,0,0,1,1,0,0,0,0,0,1,0,0,0,0,0,0,0,0,0,0,0,0,0,0,1,0,0,0,0,0,0,0,1,0,0,0,0
South United,0,0,0,0,0,6,0,0,0,0,0,0,0,0,0,0,0,0,0,0,0,0,0,0,0,0,11,9,0,0,0,0,0,0,0,0,0,0,0,0,0,0,7,0,0,0,0,0,0,0,0,0,0,0,0,0,0,0,0,0,1,0,0,13,0,0,0,0,0,1,0,0,2,0,0,0,0,0,0,0,0,0,0,0,0,0,0,0,0,1,0,0,0,0,10,0,0,0,0,4,0,0,0,0,0,0,0,0,0,1,0,1,1,0,1,0,1,0,0,0,0,0,0,0,0,0,0,0,0,0,0,0,6,0,0,0,0,0,2,2,0,0,0,0,0,0,0,0,0,9,0,1,0,0,0,0,8,3,0,0,0,0,0,0,0,1,0,0,0,0,0,11,6,0,0,0,0,1,0,0,0,0,0,0,0,0,4,0,0,0,0,0,0,0,1,10,0,0,0,0
Stand for Freedom,0,1,0,0,0,0,0,0,0,0,0,0,0,0,0,0,0,0,0,0,0,0,0,0,0,0,0,0,0,0,0,0,0,0,0,0,0,0,0,0,0,0,3,0,0,0,0,0,0,0,1,0,0,0,0,0,0,0,0,0,0,0,0,0,3,0,0,0,0,0,0,0,0,0,0,0,0,0,0,0,0,0,0,0,0,0,0,0,0,2,0,0,0,0,0,0,0,3,0,1,1,0,0,0,0,0,0,0,0,1,1,0,0,0,0,0,2,0,0,2,0,0,0,0,0,0,2,3,0,0,0,0,1,0,0,0,0,0,0,0,0,0,0,0,0,0,0,0,0,1,0,1,0,1,0,0,0,0,0,0,1,0,0,0,0,0,0,0,0,0,0,0,0,0,0,0,0,0,0,0,0,0,0,0,0,0,0,0,0,0,0,0,0,0,0,2,0,0,0,1
Stop A.I.,0,0,0,0,0,54,0,0,0,0,0,0,0,0,0,0,0,0,0,0,0,0,0,0,0,0,0,0,0,0,0,1,0,0,8,19,0,0,0,0,0,4,52,0,0,0,0,0,0,0,3,0,0,0,0,0,0,0,0,0,4,0,0,0,0,187,0,0,0,0,0,1,36,0,0,0,0,0,0,0,0,0,0,0,0,0,0,0,6,137,0,0,0,0,88,0,28,23,0,9,3,0,0,70,25,0,0,0,0,0,0,5,26,2,0,1,1,0,13,0,1,0,0,0,0,23,0,12,1,1,20,18,104,63,0,30,0,0,38,0,0,0,0,0,7,7,0,0,1,32,0,43,10,2,0,0,23,53,0,0,32,0,1,1,41,11,1,8,0,0,0,34,6,3,3,0,1,0,0,0,23,0,0,0,0,0,48,0,0,0,14,0,0,3,13,126,0,0,0,20
Stop Refugees,0,0,0,0,0,10,0,0,0,0,0,0,0,0,0,0,0,0,0,0,0,0,0,0,0,0,0,0,0,0,0,0,0,0,0,3,0,0,0,6,0,0,0,0,0,0,0,0,0,0,0,0,0,0,0,0,0,0,0,0,0,0,0,0,0,0,10,0,0,0,0,0,0,0,0,0,0,0,0,0,0,0,0,0,0,0,0,0,3,8,0,0,0,0,2,0,7,0,0,0,0,0,0,0,0,0,0,0,0,0,0,0,7,0,0,0,0,0,0,0,0,0,0,0,0,2,0,0,0,0,7,0,10,10,0,9,0,0,2,0,0,0,0,0,0,0,0,0,0,7,0,3,8,0,0,0,0,0,0,0,0,0,0,3,0,7,7,0,0,0,0,0,0,10,0,0,0,0,0,0,0,0,0,0,0,0,1,0,0,0,0,0,0,0,0,0,0,0,0,10
Surprise,0,2,0,0,0,19,0,42,0,2,0,0,1,0,0,1,0,0,0,0,15,0,7,0,1,0,0,0,2,1,1,0,0,0,0,6,0,0,2,13,0,0,57,1,0,0,8,9,1,0,15,1,0,1,0,0,0,6,1,1,10,0,0,0,0,0,0,122,0,0,0,1,3,2,0,0,0,8,7,0,0,0,0,0,0,3,0,0,1,73,0,6,0,0,21,0,0,39,0,0,14,3,0,2,34,0,0,0,0,0,2,13,11,1,7,3,32,1,2,1,2,24,0,0,1,14,5,5,1,0,0,0,11,2,1,1,1,0,0,6,1,0,1,0,2,15,0,1,0,9,0,16,3,2,0,0,7,80,0,11,16,0,3,4,4,66,52,17,0,8,0,28,20,0,4,3,3,0,6,0,0,0,0,0,0,0,22,1,0,0,3,0,5,4,7,64,9,13,11,7
Terrorism,0,2,6,2,0,20,1,1,0,4,0,0,0,0,0,0,0,0,0,0,0,0,0,0,2,0,2,3,8,6,0,1,0,0,0,18,0,0,0,1,0,14,0,3,0,0,0,0,0,4,1,14,0,0,0,0,0,0,1,9,14,0,0,0,0,0,0,0,47,7,0,11,9,3,0,0,0,0,1,0,0,0,2,0,0,9,0,0,7,16,0,9,0,0,16,1,7,0,2,1,6,2,1,1,1,0,0,0,0,0,0,10,10,2,10,17,0,0,14,12,0,0,0,1,0,0,5,7,2,0,6,8,7,11,0,6,1,0,11,11,1,0,6,0,0,3,0,0,2,10,2,1,0,0,0,0,5,12,0,9,0,0,2,3,0,22,13,11,0,0,0,17,1,14,19,3,0,15,0,0,1,0,0,0,0,0,6,5,0,0,2,0,0,3,11,20,7,1,1,2
Texas,0,2,2,0,0,9,0,0,0,2,0,0,0,0,0,0,0,0,0,0,0,0,3,0,5,0,8,5,13,6,0,3,0,0,0,6,0,40,0,2,0,5,33,0,0,0,0,0,0,0,13,12,0,0,0,0,0,0,1,11,3,0,0,1,0,0,0,0,7,78,0,14,18,0,0,0,0,0,0,0,0,0,1,0,0,6,0,0,8,9,0,1,0,0,56,1,10,1,3,4,1,0,0,0,2,0,0,0,0,9,9,5,2,1,1,2,3,0,5,2,4,1,0,0,0,1,16,6,0,0,9,7,39,13,0,3,0,0,7,1,0,0,2,0,0,2,0,0,0,28,2,17,1,1,0,0,23,12,0,1,3,0,0,1,0,10,5,6,0,1,1,52,2,7,5,1,2,11,0,0,2,0,0,1,0,0,11,0,0,1,0,0,0,7,3,55,0,3,4,1
The Red Pill,0,0,0,0,0,3,0,0,0,0,0,0,0,0,0,0,0,0,0,0,0,0,0,0,0,0,0,0,7,0,0,0,0,0,0,0,0,0,0,3,0,0,5,0,0,0,0,0,0,3,0,0,0,0,0,0,0,0,0,0,0,0,0,0,0,0,0,0,0,0,9,1,0,0,0,0,0,0,0,0,0,0,0,0,0,0,0,0,0,8,0,0,0,0,5,0,0,0,0,4,0,0,0,0,0,0,0,0,0,0,0,0,7,0,0,0,0,0,0,0,0,0,0,0,0,1,0,0,0,0,0,0,7,0,0,0,1,0,0,0,0,0,0,0,0,2,0,0,0,2,0,0,0,0,0,0,0,4,0,0,0,0,0,0,0,0,0,0,0,0,0,8,2,0,0,0,0,0,0,0,0,0,0,0,0,0,0,0,0,0,0,0,0,0,0,6,0,0,1,8
Trump,0,6,0,2,0,43,2,15,0,9,1,0,0,0,0,0,0,0,0,0,2,0,0,0,16,0,3,2,25,8,0,12,0,0,0,11,0,1,0,5,1,2,14,1,0,0,0,0,0,8,2,34,0,0,0,1,0,0,8,27,11,0,0,0,0,1,0,1,11,14,1,86,9,5,0,1,0,2,3,4,0,0,4,0,0,5,0,0,11,43,0,6,0,0,31,0,11,2,11,3,13,2,0,1,3,0,0,0,0,1,1,8,12,8,10,5,17,0,11,6,0,2,0,0,0,6,6,6,1,0,13,11,10,15,0,4,0,0,9,9,1,0,5,0,0,7,0,0,0,37,0,3,0,0,0,0,19,29,0,1,0,0,3,4,2,28,11,11,0,1,0,44,12,9,6,4,3,12,0,0,0,0,0,0,0,0,18,5,0,0,2,0,2,32,6,38,5,3,8,7
U.S. Flag,0,29,0,4,0,79,7,9,0,59,1,0,0,1,0,0,0,0,0,0,5,0,4,0,7,1,6,5,15,12,24,4,10,4,6,37,0,9,0,2,0,9,144,0,0,0,6,7,0,4,27,8,0,0,0,0,0,0,4,9,23,7,0,2,0,36,0,3,9,18,0,9,268,26,17,0,1,4,1,0,1,0,0,0,0,21,28,1,10,104,0,7,1,0,171,0,30,25,5,47,22,0,2,1,25,0,0,0,0,11,2,20,39,3,9,7,13,1,22,13,3,7,0,0,0,41,37,54,0,0,19,25,132,56,0,12,0,17,23,6,3,0,7,0,1,12,1,0,2,125,4,66,26,13,0,1,141,100,0,25,3,0,0,5,0,42,31,27,0,6,0,181,13,12,41,14,25,11,1,0,44,0,0,0,0,1,41,11,0,3,40,0,3,11,34,159,2,22,3,48
United Muslims of America,0,0,0,0,0,18,0,1,0,0,2,0,0,1,0,0,0,0,0,0,0,0,0,0,2,0,0,0,0,0,0,0,0,0,0,10,0,0,0,0,0,8,27,0,0,0,0,0,0,0,1,0,0,0,0,0,0,0,0,1,13,0,0,0,0,0,0,2,3,0,0,5,26,59,0,0,0,0,0,0,0,0,1,0,0,2,0,0,1,30,0,1,0,0,32,0,0,2,1,0,2,0,0,0,10,0,0,0,0,0,0,4,14,0,7,4,5,0,10,7,0,0,0,0,0,7,1,1,0,0,0,0,27,3,0,1,0,0,4,0,4,0,0,0,0,4,0,0,0,12,7,23,8,0,0,0,1,27,0,2,0,0,0,5,0,15,26,6,0,1,0,30,3,4,32,3,19,2,0,0,0,0,0,0,0,0,9,0,0,0,0,0,2,2,11,32,0,11,0,15
Veterans Come First,0,0,0,0,0,0,0,0,0,0,0,0,0,0,0,0,0,0,0,0,0,0,0,0,2,0,0,0,0,0,0,0,0,0,0,0,0,0,0,0,0,0,17,0,0,0,0,0,0,0,1,1,0,0,0,0,0,0,0,2,2,0,0,0,0,0,0,0,0,0,0,0,17,0,19,0,0,0,0,0,0,0,0,0,0,1,0,0,0,4,0,0,0,0,17,0,0,1,2,8,1,0,0,0,1,0,0,0,0,1,0,0,3,0,0,0,0,0,0,1,0,0,0,0,0,0,0,3,0,0,0,0,15,0,0,0,0,0,0,0,0,0,0,0,0,1,0,0,0,12,0,0,0,0,0,0,11,4,0,0,0,0,0,0,0,0,0,0,0,0,0,19,3,0,0,0,0,0,0,0,8,0,0,0,0,0,8,0,0,0,18,0,0,0,10,16,0,0,0,4
Wall Street,0,0,0,0,0,6,0,2,0,0,0,0,0,0,0,0,0,0,0,0,0,0,0,0,1,0,0,0,0,0,0,0,0,0,0,0,0,0,0,0,0,0,1,0,0,0,0,0,0,1,0,0,0,0,0,0,0,0,0,1,1,0,0,0,0,0,0,0,0,0,0,1,0,0,0,7,0,1,0,0,0,0,0,0,0,0,0,0,0,3,0,0,0,0,2,0,0,1,1,0,2,1,0,0,1,0,0,0,0,0,0,0,0,3,0,1,1,0,0,0,0,0,0,0,0,2,0,1,0,0,0,0,0,0,0,0,1,0,0,2,0,0,0,0,0,1,0,0,0,1,0,0,0,0,0,0,0,4,0,0,1,0,0,2,0,3,1,3,0,0,0,3,0,0,0,0,0,0,1,0,0,0,0,0,0,0,2,2,0,0,1,0,1,0,0,6,0,0,1,1
Watch the Police,0,0,0,0,0,7,0,0,0,0,0,0,0,0,0,0,0,0,0,0,0,0,0,0,0,0,0,0,0,0,0,0,0,0,0,6,0,0,0,0,0,0,1,0,0,0,0,0,0,0,0,0,0,0,0,0,0,0,0,0,4,0,0,0,0,0,0,0,0,0,0,0,1,0,0,0,16,0,0,0,0,0,0,0,0,0,0,0,0,11,0,0,0,0,2,0,0,3,0,1,1,3,0,0,4,0,0,0,0,0,0,5,1,0,0,0,1,0,0,0,0,1,0,0,0,0,0,0,0,0,0,0,6,0,0,1,0,0,0,0,0,0,0,0,0,0,0,0,0,5,0,2,0,0,0,0,0,3,0,14,0,0,0,0,0,7,5,4,0,0,0,0,7,0,0,0,0,0,0,0,0,0,0,0,0,0,0,0,0,0,0,0,2,1,0,6,0,0,0,0
Williams&Kalvin,0,0,0,0,0,63,0,0,0,0,0,0,0,0,0,0,0,0,0,0,0,0,0,0,6,0,1,0,0,0,0,0,0,0,10,19,0,0,0,7,0,0,51,1,0,0,0,0,0,0,6,0,0,0,0,0,0,0,0,0,30,0,0,0,0,0,0,8,0,0,0,2,4,0,0,1,0,142,0,0,0,0,0,0,0,4,0,0,1,100,0,5,0,0,32,0,0,27,2,1,34,10,0,3,46,0,0,0,0,1,1,25,14,1,0,2,22,3,2,9,0,7,0,0,2,7,8,9,0,1,0,0,21,0,0,0,2,1,3,4,0,0,1,0,3,6,0,0,0,12,1,27,3,1,0,0,1,53,0,23,11,0,7,9,2,97,73,54,0,1,0,24,38,1,3,2,1,0,1,0,3,0,0,0,0,0,28,2,0,0,1,0,35,4,7,87,1,8,7,13
Woke Blacks,0,0,0,0,0,19,0,0,0,0,0,0,0,0,0,0,0,0,0,0,0,0,0,0,5,0,1,0,0,0,0,7,0,0,0,1,0,0,0,3,0,0,32,2,0,0,0,0,0,0,9,0,0,0,0,0,0,0,0,6,6,0,0,0,0,0,0,7,1,0,0,3,1,0,0,0,0,0,59,0,0,0,0,0,0,0,0,0,0,52,0,25,0,0,13,0,0,7,2,0,11,1,0,1,12,0,0,0,0,0,0,4,11,0,9,1,16,2,0,2,0,5,0,0,0,8,0,0,2,0,0,0,11,0,0,0,3,0,0,10,0,0,0,0,0,7,0,0,0,5,0,2,3,0,0,0,0,34,0,2,4,0,0,3,0,47,47,24,0,0,0,22,13,0,0,0,0,0,2,0,1,0,0,0,0,0,19,1,0,0,1,0,0,5,1,31,42,8,0,6
_american.made,0,2,0,0,0,0,0,0,0,0,0,0,0,0,0,0,0,0,0,0,0,0,0,0,1,0,0,0,0,0,0,0,0,0,0,0,0,0,0,1,2,0,4,0,0,0,0,0,0,0,0,5,0,0,0,0,0,0,0,0,0,0,0,0,0,0,0,0,0,0,0,4,0,0,0,0,0,0,0,8,0,0,0,0,0,0,0,0,0,6,0,0,0,0,0,0,0,0,1,2,0,0,0,1,1,0,0,0,0,0,0,0,0,0,0,0,0,0,0,0,0,0,0,0,0,0,2,3,0,0,0,0,0,0,0,0,0,0,1,1,0,0,0,0,0,0,0,0,0,3,0,0,0,0,0,0,4,2,0,0,0,0,0,0,0,0,0,0,0,0,0,2,4,0,0,0,0,0,0,0,0,0,0,0,0,0,4,0,0,0,0,0,0,1,0,1,0,0,1,0
_born__black_,0,0,0,0,0,2,0,0,0,0,0,0,0,0,0,0,0,0,0,0,0,0,0,0,1,0,0,0,0,0,0,0,0,0,0,1,0,0,0,0,1,0,0,0,0,0,0,0,0,0,0,0,0,0,0,0,0,0,0,0,2,0,0,0,0,0,0,0,0,0,0,0,1,0,0,0,0,0,0,0,7,0,0,0,0,0,0,0,0,5,0,0,0,0,1,0,0,1,1,0,1,0,0,0,1,0,0,0,0,0,0,1,1,0,0,0,1,0,0,1,0,0,0,0,0,0,0,1,0,0,0,0,1,0,0,0,0,0,0,1,0,0,0,0,0,0,0,0,0,0,0,3,1,0,0,0,0,3,0,1,0,0,1,1,0,6,3,4,0,0,0,4,1,0,0,0,0,0,0,0,0,0,0,0,0,0,2,0,0,0,0,0,0,0,0,1,0,0,0,1
afrokingdom_,0,0,0,0,0,2,0,0,0,0,0,0,0,0,0,0,0,0,0,0,0,0,0,0,0,0,0,0,0,0,0,0,0,0,0,1,0,0,0,0,0,0,0,0,0,0,0,0,0,0,0,0,0,0,0,0,0,0,0,0,0,0,0,0,0,0,0,0,0,0,0,0,0,0,0,0,0,0,0,0,0,3,0,0,0,0,0,0,0,3,0,3,0,0,0,0,0,0,0,0,2,0,0,0,2,0,0,0,0,0,0,0,0,0,0,3,0,0,0,0,0,2,0,0,0,0,0,0,0,0,0,0,0,0,0,0,0,0,0,0,0,0,0,0,0,0,0,0,0,0,0,0,0,1,0,0,0,2,0,0,0,0,0,0,0,3,3,2,0,0,0,0,2,0,0,0,0,0,0,0,0,0,0,0,0,0,0,0,0,0,0,0,0,0,0,0,2,0,0,0
alllivesmatter,0,2,0,0,0,6,0,0,0,0,0,0,0,0,0,0,0,0,0,0,2,0,0,0,0,0,2,0,4,2,0,4,0,0,0,3,0,0,0,0,0,2,3,1,0,0,0,0,0,3,0,4,0,0,0,0,0,0,5,2,3,0,0,0,0,0,0,0,2,1,0,4,0,1,0,0,0,0,0,0,0,0,35,0,0,2,0,1,1,15,0,20,0,0,5,3,1,1,1,0,8,1,0,0,0,0,0,0,0,0,0,5,1,2,12,15,1,0,1,5,0,0,0,0,0,0,6,2,1,0,2,2,10,3,0,0,0,0,0,23,0,0,5,0,0,0,0,0,0,5,1,1,1,0,0,0,3,2,0,7,0,0,3,1,0,18,21,4,0,0,0,14,1,1,3,0,3,4,0,0,0,0,0,0,0,0,6,1,0,0,1,0,0,3,2,13,6,1,0,1
american.veterans,0,0,0,0,0,1,0,0,0,0,0,0,0,0,0,0,0,0,0,0,0,0,0,0,0,0,0,0,0,0,0,0,0,0,0,0,0,0,0,0,0,0,0,0,0,0,0,0,0,0,1,0,0,0,0,0,0,0,0,0,2,0,0,0,0,0,0,0,0,0,0,0,0,0,0,0,0,0,0,0,0,0,0,4,0,0,0,0,0,2,0,0,0,0,3,0,0,1,0,0,0,0,0,0,0,0,0,0,0,0,0,0,0,0,0,0,0,0,1,2,0,0,0,0,0,0,0,0,1,0,0,0,0,0,0,0,0,0,0,0,0,0,2,0,0,0,0,0,0,0,0,1,0,0,0,0,3,4,0,0,0,0,0,0,0,0,0,0,0,0,0,2,0,0,0,0,0,1,0,0,3,0,0,0,0,0,1,0,0,0,4,0,0,0,2,2,0,0,0,1
army_of_jesus,0,0,0,0,0,0,0,0,0,0,0,0,0,0,0,0,0,0,0,0,0,0,0,0,0,0,0,0,1,0,0,0,0,0,0,1,0,0,0,0,0,0,0,0,0,0,0,0,0,0,0,0,0,0,0,0,0,0,0,0,0,0,0,0,0,0,0,0,0,0,0,0,0,0,0,0,0,0,0,0,0,0,0,0,1,0,0,0,0,1,0,0,0,0,0,0,0,0,0,0,0,0,0,0,0,0,0,0,0,0,0,0,0,0,0,0,0,0,0,0,0,0,0,0,0,0,1,0,0,0,0,0,1,0,0,0,0,0,0,0,0,0,0,0,0,0,0,0,0,0,0,0,0,0,0,0,0,0,0,0,0,0,0,0,0,0,0,0,0,0,0,1,0,0,1,1,1,0,0,0,0,0,0,0,0,0,0,0,0,0,0,0,0,0,0,0,0,0,0,0
badge,0,1,0,0,0,27,0,8,11,1,0,0,0,2,0,0,0,1,0,0,1,0,1,0,1,0,0,0,7,7,0,2,7,1,0,22,0,1,0,2,0,1,16,3,0,0,0,3,2,2,7,7,0,0,0,0,0,0,0,8,14,5,0,0,0,0,0,3,9,6,0,5,21,2,1,0,0,4,0,0,0,0,2,0,0,81,3,0,6,46,0,9,0,0,34,6,10,7,2,2,12,2,0,0,10,0,0,0,3,1,1,31,17,1,8,8,1,0,7,7,0,3,0,0,0,8,14,21,1,0,6,8,31,13,0,0,0,0,10,19,1,0,2,0,0,4,0,0,0,16,0,23,3,1,0,0,15,24,0,35,0,0,6,0,0,35,14,19,0,2,0,27,4,6,1,0,0,22,0,0,5,0,0,0,0,0,16,4,0,2,3,0,8,2,5,25,6,4,2,18
bald eagle,0,0,0,1,0,3,0,0,0,24,0,0,0,0,0,0,0,0,0,0,0,0,2,0,0,0,0,0,2,4,0,1,0,0,0,1,0,0,0,0,0,0,19,0,0,0,0,1,0,1,6,0,0,0,0,0,0,0,2,2,2,1,0,0,0,0,0,0,0,0,0,0,28,0,0,0,0,0,0,0,0,0,0,0,0,3,34,0,1,5,0,1,0,0,29,0,2,5,1,6,0,1,0,0,2,0,0,0,0,0,0,3,6,2,1,0,0,0,1,4,0,0,0,0,0,1,1,4,1,0,1,0,20,3,0,1,0,0,3,3,0,0,1,0,0,1,0,0,0,21,0,9,1,9,0,0,27,4,0,1,0,0,0,0,0,2,1,2,0,0,0,28,0,0,2,0,0,2,0,0,5,0,0,0,0,0,2,3,0,1,3,0,0,0,3,27,0,3,0,10
bald eagle X2,0,1,0,0,0,1,0,0,0,1,0,0,0,0,0,0,0,0,0,0,0,0,0,0,0,0,0,0,0,0,0,0,0,0,0,0,0,0,0,0,0,0,2,0,0,0,0,0,0,1,0,0,0,1,0,0,0,0,1,0,0,0,0,0,0,0,0,0,0,0,0,0,1,0,0,0,0,0,0,0,0,0,1,0,0,0,0,3,0,1,0,0,0,0,2,0,0,1,0,0,0,0,0,0,0,0,0,0,0,0,0,0,0,0,1,1,0,0,0,1,0,0,0,0,0,0,0,1,0,0,0,0,2,0,0,0,0,0,0,0,0,0,0,0,0,0,0,0,0,1,0,0,1,1,0,0,2,0,0,0,0,0,0,0,0,0,0,0,0,0,0,2,0,0,0,0,0,0,0,0,0,0,0,0,0,0,0,1,0,1,0,0,0,0,0,2,0,1,0,0
barriers,0,1,0,0,0,22,0,2,0,1,0,0,0,3,0,0,0,1,0,0,1,0,1,0,0,0,3,0,6,5,0,1,0,0,1,13,0,0,1,0,0,1,3,0,0,0,0,0,0,0,0,10,0,0,0,0,0,0,2,7,5,9,0,0,0,6,3,1,7,8,0,11,10,1,0,0,0,1,0,0,0,0,1,0,0,6,1,0,46,23,0,3,0,0,8,0,24,7,1,1,6,2,0,2,1,0,0,0,0,0,0,8,7,2,3,3,0,0,12,3,0,1,0,0,0,9,0,1,1,0,14,9,15,33,0,9,0,0,22,3,1,0,2,0,0,1,0,1,0,4,2,15,7,0,0,0,4,17,0,2,1,0,3,5,0,18,4,8,0,0,0,13,2,13,3,0,2,12,0,0,1,0,0,0,0,0,8,0,0,0,0,0,0,1,2,17,1,0,1,17
black,0,83,1,1,1,543,2,311,14,50,1,1,9,87,1,19,4,12,18,13,169,4,100,0,27,1,6,6,17,4,65,18,41,13,22,212,1,3,7,129,1,19,654,10,0,1,28,34,1,17,132,8,47,5,3,1,5,40,5,25,304,7,1,1,2,137,8,73,16,9,8,43,104,30,4,3,11,100,52,6,5,3,15,2,1,46,5,1,23,1802,1,216,1,3,305,6,50,223,20,37,317,66,2,90,304,1,1,1,6,22,18,198,234,34,119,127,218,12,36,75,6,121,2,0,75,128,83,164,6,10,53,26,423,124,7,68,8,12,57,158,11,1,42,1,23,146,1,6,2,191,14,280,90,15,1,0,112,795,1,275,135,2,36,78,56,978,746,456,4,12,1,427,317,54,63,15,32,35,31,2,44,0,0,0,3,0,325,47,8,2,35,0,66,36,50,979,104,91,75,215
blackcommunity,0,0,0,0,0,0,0,0,0,0,0,0,0,0,0,0,0,0,0,0,0,0,0,0,0,0,0,0,0,0,0,0,0,0,0,0,0,0,0,0,0,0,0,0,0,0,0,0,0,0,0,0,0,0,0,0,0,0,0,0,0,0,0,0,0,0,0,0,0,0,0,0,0,0,0,0,0,0,0,0,0,0,0,0,0,0,0,0,0,1,1,1,0,0,0,0,0,0,0,0,1,0,0,0,0,0,0,0,0,0,0,1,0,0,0,1,0,0,0,1,0,0,0,0,0,0,0,0,0,0,0,0,0,0,0,0,0,0,0,1,0,0,0,0,0,0,0,0,0,0,0,0,0,0,0,0,0,0,0,0,0,0,0,0,0,1,0,0,0,0,0,1,0,0,0,0,0,0,0,0,0,0,0,0,0,0,0,0,0,0,0,0,0,0,0,0,0,0,0,0
blacklivesmatter,0,3,0,0,0,100,0,23,0,2,0,0,0,28,0,1,4,1,0,1,14,0,0,0,2,0,4,3,7,3,0,16,4,1,1,39,0,0,0,0,0,1,49,7,0,0,0,1,0,4,9,4,0,0,0,0,0,2,3,14,71,0,0,0,0,0,0,6,9,1,0,6,7,1,0,0,0,5,25,0,0,3,20,0,0,9,1,0,3,216,1,317,0,1,26,5,0,11,2,0,113,31,0,4,34,0,0,0,1,2,1,63,34,10,105,111,22,4,2,46,0,13,0,0,15,8,19,28,2,0,1,1,45,1,0,1,2,2,0,149,2,0,28,0,0,13,0,2,0,14,2,18,5,2,0,0,7,86,1,95,14,0,19,27,3,252,164,125,0,0,0,73,19,1,3,0,4,22,5,0,2,0,0,0,17,0,40,16,0,1,2,0,9,10,5,128,93,23,6,14
blackluive,0,0,0,0,0,1,0,0,0,0,0,0,0,0,0,0,0,0,0,0,0,0,0,0,0,0,0,0,0,0,0,0,0,0,0,0,0,0,0,0,0,0,0,0,0,0,0,0,0,0,0,0,0,0,0,0,0,0,0,0,1,0,0,0,0,0,0,0,0,0,0,0,1,0,0,0,0,0,0,0,0,0,0,0,0,0,0,0,0,1,0,0,1,0,0,0,0,0,0,0,1,0,0,0,1,0,0,0,0,0,0,0,0,0,0,0,0,0,0,0,0,1,0,0,0,0,0,0,0,0,0,0,0,0,0,0,0,0,0,0,0,0,0,0,0,0,0,0,0,0,0,1,0,0,0,0,0,1,0,0,0,0,0,0,0,1,1,1,0,0,0,0,0,0,0,0,0,0,0,0,0,0,0,0,0,0,0,0,0,0,0,0,0,0,0,1,0,1,0,0
blackstagram__,0,0,0,0,0,3,0,0,0,0,0,0,0,0,0,0,0,0,0,0,0,0,0,0,0,0,1,0,0,0,0,0,0,0,0,1,0,0,0,0,0,0,0,0,0,0,0,0,0,0,0,0,0,0,0,0,0,0,0,0,1,0,0,0,0,0,0,0,0,0,0,0,0,0,0,0,0,0,0,0,0,0,0,0,0,0,0,0,0,3,0,1,0,4,0,0,0,0,0,0,1,0,0,0,1,0,0,0,0,0,0,0,2,0,0,1,0,0,0,0,0,0,0,0,0,0,0,0,0,0,0,0,1,0,0,0,0,0,0,1,0,0,0,0,0,0,0,0,0,0,0,1,0,0,0,0,0,2,0,0,0,0,0,0,0,3,1,3,0,0,0,1,1,0,0,0,0,0,0,0,0,0,0,0,0,0,1,0,0,0,0,0,0,0,0,3,1,0,0,0
blue,0,16,2,4,0,164,8,75,9,61,4,0,9,7,0,0,0,4,6,0,38,4,34,0,19,0,22,22,29,13,6,12,10,7,7,73,0,42,0,50,1,16,302,1,1,2,13,15,1,15,64,18,17,4,0,0,0,7,9,20,83,2,0,10,0,88,2,21,16,56,5,31,171,32,17,2,2,32,13,0,1,0,5,3,0,34,29,2,8,305,0,26,0,0,679,5,16,87,11,49,55,15,2,56,113,0,0,0,2,13,10,58,72,12,32,17,85,2,30,35,12,28,0,2,6,68,43,63,6,0,13,17,291,43,8,13,3,1,24,31,11,0,16,0,12,56,2,2,4,150,11,136,26,24,1,0,143,255,1,75,68,2,6,8,47,198,160,97,0,9,0,328,36,15,55,19,36,20,13,0,40,2,1,0,0,1,130,19,0,5,46,0,25,28,44,418,18,49,32,85
bluelivesmatter,0,1,0,0,0,4,0,0,7,0,0,0,0,0,0,0,0,0,0,0,0,0,0,0,0,0,0,0,2,1,0,1,0,0,0,1,0,0,0,1,0,0,2,1,0,0,0,1,0,1,0,2,1,0,0,0,0,0,1,1,0,0,0,0,0,0,0,0,1,1,0,0,0,0,0,0,0,0,0,0,0,0,3,0,0,6,0,0,0,6,0,5,0,0,5,18,0,0,0,0,2,2,0,0,0,0,0,0,0,0,0,7,2,0,2,2,0,0,0,1,0,0,0,0,0,0,2,4,0,0,0,0,3,0,0,0,0,0,0,8,0,0,0,0,0,2,0,0,0,1,0,1,0,0,0,0,1,5,0,9,0,0,3,1,0,3,2,3,0,0,0,2,5,0,0,0,0,2,0,0,0,0,0,0,0,0,4,0,0,0,0,0,0,0,0,0,1,0,0,0
borders,0,1,0,0,0,56,0,0,0,4,0,0,0,0,0,0,0,0,0,0,0,0,2,0,1,0,1,1,8,5,0,1,0,0,4,32,0,0,0,18,0,0,12,0,0,0,0,0,0,1,1,11,0,0,0,0,0,0,4,8,3,12,0,0,0,28,7,0,7,10,0,11,30,0,0,0,0,0,0,0,0,0,1,0,0,10,2,0,24,50,0,0,0,0,16,0,107,16,1,5,2,0,0,0,0,0,0,0,0,1,0,6,37,2,2,3,1,0,16,1,1,0,1,0,0,16,1,6,0,0,55,20,46,95,1,48,0,0,38,3,0,0,1,0,0,2,0,0,0,51,0,14,41,1,0,0,20,29,0,0,0,0,1,3,0,45,35,6,0,0,0,25,1,47,2,0,0,15,1,0,7,0,0,0,0,1,11,0,0,2,3,0,0,1,6,23,0,1,1,49
brown,0,10,0,0,0,106,1,112,0,6,0,0,10,8,0,4,0,0,6,2,44,1,54,0,5,1,2,1,0,1,8,1,0,2,5,45,0,0,0,52,0,2,200,1,0,1,5,5,0,4,63,1,13,3,8,0,0,12,1,1,66,1,0,0,3,23,0,39,0,1,0,2,25,2,1,1,3,27,7,0,1,0,1,1,0,7,5,1,7,223,0,11,0,0,87,0,16,439,5,8,40,17,0,4,110,0,0,0,0,15,10,35,34,8,16,9,84,1,7,15,9,47,0,0,11,69,16,34,1,1,7,5,79,38,7,16,4,8,27,9,7,0,4,0,8,52,0,1,0,45,1,78,27,15,1,0,24,281,0,45,49,0,6,12,8,270,237,95,0,2,0,115,35,3,20,10,22,3,18,0,17,0,0,0,1,0,66,10,0,1,9,0,26,4,12,216,19,30,36,40
can't trust the Clintons,0,3,0,0,0,22,2,0,0,7,1,0,0,1,0,0,0,0,0,0,1,0,0,0,34,1,1,0,4,3,0,6,0,0,0,4,0,4,0,2,1,1,2,0,0,0,0,0,0,1,1,4,0,0,0,0,0,0,2,10,5,0,0,0,0,0,0,0,2,3,0,11,5,1,2,1,0,2,2,1,1,0,1,0,0,2,1,0,1,20,0,2,0,0,11,0,1,5,39,0,3,1,0,0,0,0,1,0,0,1,1,6,6,6,1,0,9,0,6,0,0,1,0,0,0,4,2,2,2,1,2,2,9,5,0,2,0,0,5,1,1,0,2,0,0,8,0,0,0,12,0,1,2,1,0,0,4,17,0,0,2,0,1,0,0,8,6,7,0,1,0,16,5,1,3,2,1,3,0,0,1,0,0,0,0,0,6,4,0,1,3,0,1,23,3,18,1,1,3,6
city on a hill,0,13,0,0,0,20,2,1,0,15,0,0,0,0,0,0,0,0,0,0,1,0,3,0,0,0,3,3,3,3,12,2,0,0,2,5,0,4,0,5,1,0,58,0,0,0,2,3,1,3,11,2,0,0,0,0,0,0,2,0,2,1,0,4,1,9,0,0,1,4,4,3,47,0,8,0,1,1,0,2,0,0,0,0,0,2,6,0,1,37,0,0,0,0,49,0,5,8,0,84,8,5,0,0,7,0,0,0,0,5,3,4,15,1,1,2,4,0,6,3,2,3,0,0,0,11,5,22,0,0,3,10,45,14,0,3,0,2,5,2,0,0,5,0,0,5,0,0,0,73,4,19,3,4,0,1,53,31,0,1,1,0,0,1,0,11,5,7,0,3,0,56,6,0,5,3,3,2,1,0,13,0,0,0,0,0,23,2,0,0,19,0,2,2,15,62,0,9,0,18
civil rights,0,35,0,0,0,185,0,65,0,5,0,0,0,53,1,7,4,15,2,2,47,1,5,0,6,0,4,2,7,5,26,13,13,2,13,64,0,0,0,10,0,4,110,5,0,0,24,29,1,5,32,3,0,1,2,1,5,7,2,11,117,1,0,0,1,3,0,14,6,1,0,13,22,2,1,2,1,34,11,0,1,2,8,0,0,12,0,0,6,317,1,113,1,1,55,2,2,40,3,8,426,18,0,8,90,0,0,0,1,9,1,86,59,7,53,79,40,4,14,44,2,29,0,0,33,50,32,57,3,0,5,5,99,15,2,7,1,8,9,95,2,0,29,0,2,30,0,3,0,55,2,57,13,2,0,0,16,189,0,138,18,0,18,44,13,271,188,210,4,20,0,121,45,1,12,4,8,15,4,0,5,0,0,0,0,0,75,18,0,1,4,0,32,15,17,211,48,29,4,23
class,0,0,0,0,0,32,0,22,0,0,0,0,3,3,0,0,0,0,2,0,7,0,9,0,1,0,0,0,0,1,0,1,0,0,1,9,0,0,2,6,0,1,35,1,0,0,0,1,0,0,14,2,0,0,0,0,0,0,1,2,29,1,0,0,0,0,0,3,2,0,0,2,0,0,0,1,3,10,1,0,0,0,1,0,0,2,1,0,2,66,0,31,0,0,15,2,0,17,1,5,18,113,0,3,30,0,0,0,0,2,2,22,9,12,18,26,12,1,2,21,0,6,0,0,2,7,1,13,3,5,3,2,16,10,0,3,3,2,4,30,4,0,3,0,2,14,0,2,0,13,2,7,3,1,0,0,2,53,0,25,9,0,7,5,1,91,50,40,0,3,0,11,13,1,0,0,0,2,7,0,1,0,0,0,0,0,12,6,0,0,1,0,8,1,1,44,11,8,12,7
coffin,0,0,0,0,0,2,0,0,0,2,0,0,0,0,0,0,0,0,0,0,0,0,0,0,0,0,0,0,0,0,0,0,0,0,0,1,0,0,0,0,0,1,0,0,0,0,0,0,0,0,0,0,0,0,0,0,0,0,0,0,2,0,0,0,0,0,0,0,1,0,0,0,2,0,0,0,0,0,0,0,0,0,0,0,0,0,0,0,0,2,0,0,0,0,2,0,0,0,0,0,0,0,2,0,0,0,0,0,0,0,0,0,0,0,0,0,0,0,1,0,0,0,0,0,0,0,1,0,0,0,0,0,0,0,0,0,0,0,1,0,0,0,0,0,0,1,0,0,0,0,0,0,0,0,0,0,1,1,0,0,0,0,0,0,0,1,1,0,0,0,0,1,0,0,1,0,0,0,0,0,0,0,0,0,0,0,0,0,0,0,1,0,0,0,0,1,0,0,0,0
commercial,0,0,0,0,0,5,0,7,0,0,0,0,0,0,0,0,0,0,2,3,1,0,3,0,0,0,0,1,0,0,0,0,0,0,0,4,0,0,0,6,0,1,57,0,0,0,0,1,0,0,1,0,2,0,0,0,0,0,0,0,4,0,0,0,0,70,0,2,1,0,0,1,1,0,0,0,0,3,1,1,0,0,0,0,0,0,0,0,2,90,0,4,0,0,56,0,0,4,0,0,8,3,0,118,34,0,0,0,0,0,0,3,31,2,4,2,5,0,1,4,0,2,0,0,0,6,2,1,0,0,0,0,64,2,0,1,0,0,1,4,1,0,0,1,8,5,0,2,1,4,0,17,3,0,0,0,3,38,0,1,36,1,0,0,45,32,23,8,0,1,0,17,7,0,4,0,1,1,3,0,1,0,0,0,0,0,36,2,0,0,1,0,1,0,2,80,1,5,5,11
common folks,0,12,0,0,0,135,0,115,0,7,0,0,4,32,0,0,0,1,13,6,37,0,30,0,1,0,6,5,4,1,8,2,0,0,9,61,1,1,0,19,1,4,207,0,0,0,5,6,0,1,39,0,3,1,0,0,0,13,2,3,118,0,1,0,0,25,0,34,1,2,0,3,25,10,1,1,4,46,12,1,1,2,0,0,0,10,2,0,1,304,0,34,1,1,113,0,0,110,0,7,90,30,0,34,430,0,1,0,0,3,6,50,44,9,27,26,19,1,8,22,0,49,0,1,29,62,21,20,3,6,0,0,73,13,3,3,5,11,8,27,1,0,9,1,11,39,2,0,2,38,0,90,23,5,0,0,24,294,0,80,22,0,11,20,30,284,232,143,0,8,0,116,38,5,17,4,8,10,15,0,6,1,0,0,0,0,95,11,0,1,5,0,44,1,18,258,21,43,14,42
conservatives,0,0,0,0,0,1,0,0,0,0,0,0,0,0,0,0,0,0,0,0,0,0,0,0,0,0,0,0,0,0,0,0,0,0,0,0,0,0,0,0,0,0,0,0,0,0,0,0,0,0,0,0,0,0,0,0,0,0,0,1,0,0,0,0,0,0,0,0,0,0,0,0,0,0,0,0,0,0,0,0,0,0,0,0,0,0,0,0,0,1,0,0,0,0,0,0,0,0,0,0,0,0,0,0,0,1,0,0,0,0,0,0,0,0,0,0,0,0,0,0,0,0,0,0,0,0,0,0,0,0,0,0,0,0,0,0,0,0,0,0,0,1,0,0,0,0,0,0,0,0,0,0,0,0,0,0,0,0,0,0,0,0,0,0,0,0,0,0,0,0,0,0,1,0,0,0,0,0,0,0,0,0,0,0,0,0,0,1,0,0,0,0,0,0,0,0,0,0,0,0
cop block us,0,0,0,0,0,1,0,0,0,0,0,0,0,0,0,0,0,0,0,0,0,0,0,0,1,0,0,0,0,0,0,0,0,0,0,0,0,0,0,0,0,0,1,0,0,0,0,0,0,0,0,0,0,0,0,0,0,0,0,0,1,0,0,0,0,0,0,0,0,0,0,0,0,0,0,0,0,0,0,0,0,0,0,0,0,0,0,0,0,1,0,0,0,0,0,0,0,0,1,0,0,0,0,0,1,0,2,0,0,0,0,0,0,0,0,0,0,0,0,0,0,0,0,0,0,0,0,0,0,0,0,0,0,0,0,0,0,0,0,0,0,0,0,0,0,0,0,0,0,0,0,0,0,0,0,0,0,1,0,0,0,0,0,0,0,0,1,0,0,0,0,1,1,0,0,0,0,0,0,0,0,0,0,0,0,0,0,0,0,0,0,0,0,1,1,1,0,0,0,0
cop__block__us,0,0,0,0,0,1,0,0,0,0,0,0,0,0,0,0,0,0,0,0,0,0,0,0,0,0,0,0,0,0,0,0,0,0,0,0,0,0,0,0,0,0,0,0,0,0,0,0,0,0,0,0,0,0,0,0,0,0,0,0,0,0,0,0,0,0,0,0,0,0,0,0,0,0,0,0,0,0,0,0,0,0,0,0,0,0,0,0,0,1,0,0,0,0,0,0,0,0,0,0,0,0,0,0,0,0,0,1,0,0,0,0,0,0,0,0,0,0,0,0,0,0,0,0,0,0,0,0,0,0,0,0,0,0,0,0,0,0,0,0,0,0,0,0,0,0,0,0,0,0,0,0,0,0,0,0,0,0,0,1,0,0,0,0,0,0,0,0,0,0,0,0,1,0,0,0,0,0,0,0,0,0,0,0,0,0,0,0,0,0,0,0,0,0,0,0,0,0,0,0
cop_block_us,0,0,0,0,0,5,0,0,0,0,0,0,0,0,0,0,0,0,0,0,0,0,0,0,0,0,0,0,0,0,0,0,0,0,0,1,0,0,0,2,0,0,0,0,0,0,0,0,0,0,0,0,0,0,0,0,0,0,0,0,1,0,0,0,0,0,0,0,0,0,0,0,0,0,0,0,0,0,0,0,0,0,0,0,0,3,0,0,0,6,0,1,0,0,2,0,0,0,0,0,1,0,0,0,0,0,0,0,8,0,0,3,3,0,0,1,0,0,0,0,0,0,0,0,0,1,0,2,0,0,0,0,1,0,0,0,0,0,0,1,0,0,0,0,0,1,0,0,0,0,0,3,1,1,0,0,0,2,0,7,0,0,0,0,0,1,1,1,0,0,0,2,3,0,0,0,0,0,0,0,0,0,0,0,0,0,1,0,0,0,0,0,0,0,0,1,1,0,1,1
cowboy,0,8,0,0,0,3,0,5,0,0,0,0,0,0,0,0,0,0,0,0,1,0,8,0,1,0,2,2,1,1,7,0,0,0,0,3,0,7,0,1,0,2,28,0,0,0,0,0,0,0,12,1,0,0,0,0,0,1,1,1,0,0,0,1,1,0,0,0,0,9,0,1,11,0,1,0,0,1,0,0,0,0,0,0,0,1,0,0,0,22,0,2,0,0,13,0,1,15,1,5,9,2,0,0,3,0,0,0,0,39,23,2,0,1,0,0,5,0,0,1,2,5,0,0,0,9,9,12,0,0,1,1,12,4,0,3,0,6,1,0,0,0,1,0,0,0,0,0,0,10,1,9,2,0,0,0,5,21,0,0,4,0,0,0,0,9,11,4,0,0,0,14,6,1,1,0,1,0,2,0,1,0,1,0,0,0,11,0,0,0,0,0,1,1,1,20,0,5,2,2
cowgirl,0,0,0,0,0,2,0,6,0,0,0,0,0,0,0,0,0,0,0,0,1,0,8,0,1,0,0,0,1,1,0,0,0,0,0,3,0,7,0,0,0,2,24,0,0,0,0,0,0,0,8,1,0,0,0,0,0,2,0,1,0,0,0,0,1,0,0,2,0,9,0,1,2,0,0,0,0,1,0,0,0,0,0,0,0,1,0,0,0,18,0,1,0,0,10,0,0,10,1,3,1,2,0,0,6,0,0,0,0,23,30,1,1,1,1,0,4,0,0,0,2,8,0,0,1,2,3,5,0,0,1,1,12,3,0,3,0,0,1,0,0,0,1,0,0,0,0,0,0,4,1,8,0,0,0,0,2,14,0,0,3,0,0,0,0,12,13,3,0,0,0,11,4,1,1,0,1,0,1,0,1,0,0,0,0,0,9,1,0,0,1,0,0,1,1,18,1,5,0,2
crime,0,11,0,2,0,158,0,63,3,8,0,0,0,18,1,5,4,7,0,0,18,0,1,0,6,0,3,3,6,3,2,4,14,9,10,97,0,1,2,5,0,6,28,3,0,0,3,5,0,3,5,5,1,0,0,0,0,3,8,7,109,5,0,1,0,5,0,13,10,5,0,8,20,4,0,0,5,25,4,0,1,0,5,0,0,31,3,0,8,198,1,63,0,0,58,7,6,35,6,4,86,22,0,3,50,0,0,0,3,2,1,278,53,7,18,38,13,1,4,29,2,10,0,0,11,21,35,48,1,1,5,5,58,15,0,8,0,3,15,61,2,0,14,0,1,20,0,0,0,38,2,34,9,0,0,0,18,129,1,134,4,0,37,7,3,163,73,140,0,1,0,68,14,2,7,1,5,32,1,0,0,0,0,0,0,0,48,11,0,2,2,0,25,2,4,139,22,10,6,35
darkness and light,0,17,0,0,0,157,7,46,2,14,0,0,1,21,0,7,0,3,0,3,15,2,12,0,5,1,6,2,8,5,9,6,3,8,2,79,0,1,1,28,0,13,102,1,0,1,4,5,0,9,16,6,0,1,4,0,0,2,2,10,56,4,0,1,0,26,7,11,10,2,7,12,39,14,3,0,1,14,11,0,1,0,1,0,0,17,6,0,7,234,0,34,0,2,72,2,37,34,6,15,59,9,0,31,44,0,0,0,3,0,1,53,316,4,16,26,25,2,10,16,2,15,0,1,2,26,17,39,4,0,39,10,154,52,0,40,5,0,17,28,2,0,12,1,0,18,0,2,1,89,11,31,49,10,0,0,39,105,0,53,6,2,7,17,18,171,130,100,0,2,0,113,25,37,38,17,22,14,3,0,17,0,0,0,0,0,58,7,0,3,12,0,16,11,24,187,22,14,13,87
economy,0,4,0,0,0,17,1,5,0,4,0,0,1,0,0,0,0,0,6,0,3,2,2,0,4,0,1,0,6,2,8,4,0,0,0,5,0,1,0,2,0,0,24,0,0,0,1,1,0,5,4,6,0,1,0,0,0,1,5,10,7,0,0,0,0,2,0,1,2,1,0,8,3,0,0,3,0,1,0,0,0,0,2,0,0,1,2,0,2,34,0,10,0,0,12,0,2,8,6,1,7,12,0,2,9,0,0,0,0,1,1,7,4,64,14,6,13,0,10,8,0,4,0,0,1,8,3,2,5,2,5,4,19,9,0,4,2,0,6,4,0,0,12,0,0,2,0,1,0,9,3,8,1,2,0,0,5,25,0,1,4,0,3,4,1,24,22,9,0,1,0,12,7,2,2,2,3,4,5,0,0,0,0,0,0,0,8,8,7,0,0,0,0,4,2,23,6,12,2,16
empowerment,0,6,1,1,0,31,0,9,1,0,0,1,1,5,0,0,0,6,1,1,10,0,1,0,1,0,3,3,8,3,0,12,1,0,0,18,0,0,0,0,0,6,73,3,0,0,0,3,1,9,14,10,0,0,1,0,4,2,9,11,19,0,0,1,0,0,0,7,10,1,0,10,9,7,0,0,0,0,9,0,0,0,12,0,0,8,1,1,3,119,0,105,0,0,32,2,2,16,1,1,53,18,0,4,27,0,0,0,0,0,1,18,16,14,224,83,25,2,2,52,5,29,0,0,2,7,12,8,3,0,3,3,38,12,5,2,0,2,1,80,6,0,26,0,0,6,0,5,0,25,2,20,3,1,0,0,7,77,0,31,16,0,7,16,7,126,130,45,4,4,0,51,22,5,21,6,20,9,6,0,2,0,0,0,16,0,32,23,0,0,2,0,0,10,2,83,67,31,7,14
equality,0,1,1,1,0,72,0,13,0,0,0,0,0,20,0,1,0,6,0,0,19,0,0,0,0,0,3,3,4,4,0,8,2,0,1,34,0,0,0,3,0,10,40,4,0,1,9,18,3,9,16,5,0,0,0,0,1,2,5,4,45,0,0,0,0,1,0,3,17,2,0,5,7,4,0,1,0,2,1,0,0,3,15,0,0,8,0,1,3,127,1,111,0,1,17,2,3,9,0,2,79,26,0,2,26,0,0,0,1,0,0,38,26,6,83,218,11,1,3,57,0,25,0,0,3,14,18,8,1,4,4,4,38,14,0,3,1,1,1,102,0,0,30,1,2,13,0,4,2,20,4,21,4,1,0,0,3,64,0,46,13,0,9,21,3,131,100,83,0,11,0,36,12,10,24,3,8,16,4,0,1,0,0,0,2,0,29,17,0,2,1,0,9,7,4,70,63,17,17,11
famous person,0,3,0,0,0,75,0,83,0,15,3,0,7,3,0,1,0,2,3,8,39,1,22,0,15,1,2,1,2,0,6,4,0,0,1,11,0,0,2,34,1,0,155,7,0,1,10,15,3,4,36,3,10,0,1,0,0,8,1,7,36,0,0,1,2,1,0,32,0,3,0,17,13,5,0,1,1,22,16,0,1,0,1,0,0,1,0,0,0,218,0,22,0,0,85,0,1,84,9,4,40,12,0,5,19,0,0,0,0,5,4,13,25,13,25,11,313,9,7,10,2,43,1,0,1,17,5,6,2,0,0,1,45,6,0,2,1,1,8,9,1,0,8,0,4,36,0,1,0,26,4,50,17,10,1,0,7,211,0,13,109,0,2,14,12,180,154,66,0,11,0,78,13,1,18,9,10,4,15,2,2,0,0,0,0,0,59,6,7,0,1,0,15,20,6,192,24,21,16,46
football,0,0,0,0,0,4,0,0,0,1,0,0,0,0,0,0,0,0,0,0,3,0,0,0,0,0,0,0,0,0,0,1,0,0,0,0,0,0,0,2,0,0,7,7,0,0,0,0,0,0,1,0,1,0,0,0,0,0,0,1,5,0,0,0,0,0,0,1,0,0,0,0,1,0,0,0,0,3,2,0,0,0,0,0,0,0,0,0,0,12,0,4,0,0,2,0,0,1,0,0,4,1,0,0,1,0,0,0,0,0,0,1,2,0,2,1,9,15,0,0,0,1,0,0,0,4,1,1,1,0,0,0,2,0,0,0,1,0,0,3,0,0,0,0,0,2,0,0,0,2,0,4,0,1,0,0,1,9,0,1,5,0,0,4,0,7,8,7,0,0,0,7,0,0,0,0,0,0,0,0,0,0,0,0,0,0,2,1,0,0,0,0,2,0,0,8,7,0,1,3
foreign policy,0,3,0,0,0,51,0,3,0,12,0,0,0,0,0,0,0,0,0,0,5,3,4,0,4,0,2,1,6,7,1,6,0,0,5,26,0,0,0,2,1,9,12,0,0,0,0,0,0,4,0,7,0,1,0,0,0,5,3,8,19,2,0,0,0,13,0,2,14,5,0,11,22,10,0,0,0,2,0,0,0,0,1,1,0,7,1,0,12,36,0,2,0,0,30,0,16,7,6,6,14,2,1,1,8,0,0,0,0,0,0,4,10,10,2,3,7,0,83,2,3,1,1,0,0,15,3,8,5,0,15,13,17,33,1,4,1,0,22,1,1,0,6,0,0,8,0,0,2,30,4,12,6,3,0,0,12,36,0,3,0,0,0,6,1,23,11,15,0,0,1,35,11,11,7,0,0,14,0,0,11,0,0,0,0,0,20,2,1,0,6,0,0,4,29,37,0,0,0,21
freedom,0,10,3,1,0,48,0,8,0,3,0,0,0,6,1,1,0,3,0,0,8,0,0,0,1,0,4,4,8,3,4,3,0,0,0,16,0,2,0,0,0,5,45,1,0,0,2,3,0,6,15,8,0,0,0,0,0,2,11,5,34,0,0,0,2,0,0,1,12,2,0,6,13,7,1,0,0,9,2,0,1,0,5,2,0,7,4,1,3,75,1,46,0,0,35,1,1,15,0,3,44,21,0,4,22,0,0,0,0,1,0,29,16,8,52,57,10,0,2,144,8,5,0,0,1,8,16,11,1,0,2,2,43,4,8,4,0,2,2,63,7,0,37,1,0,8,0,1,0,32,4,23,1,1,0,0,14,51,0,17,6,0,18,13,1,60,58,34,0,3,0,36,8,6,19,3,19,18,2,0,9,1,1,0,1,0,21,9,4,1,9,0,4,2,11,66,24,21,11,11
frontier,0,0,0,0,0,3,0,1,0,1,0,0,0,0,0,0,0,0,0,0,0,0,0,0,0,0,0,0,0,0,0,0,0,0,1,2,0,2,0,0,0,1,8,0,0,0,0,0,0,0,1,0,0,1,0,0,0,0,1,0,1,1,0,0,0,1,0,2,0,4,0,0,3,0,0,0,0,0,0,0,0,0,0,0,0,0,0,0,0,6,0,0,0,0,12,0,1,9,0,2,2,0,0,0,0,0,0,0,0,2,2,2,2,0,5,0,2,0,3,8,19,0,0,0,0,3,0,0,0,0,0,0,11,4,9,2,0,0,2,4,8,0,3,0,0,1,0,0,0,14,0,2,0,1,0,0,3,4,0,0,0,1,0,0,0,3,7,3,0,0,0,8,0,0,1,0,9,1,2,0,0,0,0,0,0,0,2,0,0,0,0,0,0,0,1,12,2,0,0,1
gender,0,3,0,0,1,29,0,36,0,2,1,0,3,3,0,0,0,1,5,0,19,0,13,0,2,0,0,0,1,0,3,1,0,0,1,14,1,0,0,21,0,1,120,0,0,0,36,45,1,4,34,0,3,0,0,0,0,10,0,0,18,0,0,0,0,0,0,24,0,1,0,2,7,0,0,0,1,7,5,0,0,2,0,0,0,3,0,0,1,121,0,13,1,0,28,0,0,47,1,3,29,6,0,2,49,0,0,0,0,5,8,10,15,4,29,25,43,1,1,5,0,202,0,0,3,18,3,9,3,1,0,0,26,0,1,1,0,3,1,5,2,0,2,1,12,24,0,4,0,14,1,42,12,2,0,0,8,99,0,5,27,0,1,2,4,115,100,25,0,34,0,26,43,0,6,4,3,0,5,0,1,0,0,0,0,0,36,5,0,0,1,0,7,6,4,94,19,18,8,21
globalists,0,0,0,0,0,1,0,0,0,1,0,0,0,0,0,0,0,0,0,0,0,0,0,0,0,0,0,0,0,0,0,0,0,0,0,0,0,0,0,0,0,0,1,0,0,0,0,0,0,0,0,0,0,0,1,0,0,0,1,0,0,0,0,0,0,0,0,0,0,0,0,0,0,0,0,0,0,0,0,0,0,0,0,0,0,0,0,0,0,2,0,0,0,0,0,0,1,0,0,0,0,0,0,0,0,0,0,0,0,0,0,0,0,0,0,0,1,0,1,0,0,0,3,0,0,0,0,0,0,0,0,0,1,0,1,0,0,0,0,1,0,0,0,0,0,0,0,0,0,1,0,1,0,0,0,0,0,0,0,0,0,0,0,0,0,0,1,0,0,0,0,2,0,1,0,0,0,1,0,0,0,0,0,0,0,0,1,0,1,0,0,0,0,0,1,1,0,0,0,1
gov_spending,0,0,0,0,0,2,0,0,0,0,0,0,0,0,0,0,0,0,0,0,0,0,0,0,0,0,0,0,0,0,0,0,0,0,0,0,0,0,0,0,0,1,0,0,0,0,0,0,0,0,0,0,0,0,0,0,0,0,0,0,1,0,0,0,0,0,0,0,1,0,0,0,0,0,0,0,0,0,0,0,0,0,0,0,0,0,0,0,0,0,0,0,0,0,2,0,0,0,0,0,0,0,0,0,1,0,0,0,0,0,0,0,1,0,0,0,0,0,0,0,0,0,0,2,0,0,0,0,1,0,0,0,0,0,0,0,0,0,0,2,0,0,2,0,0,0,0,0,0,2,0,0,0,0,0,0,2,0,0,0,0,0,0,0,0,0,0,0,0,0,0,2,0,0,0,0,0,0,0,0,2,0,0,0,0,0,2,0,0,0,1,0,0,0,2,2,0,1,0,0
graduation,0,0,0,0,0,28,0,13,0,0,0,0,0,43,0,0,4,0,0,0,4,0,4,0,0,0,0,0,0,0,0,1,9,0,1,3,0,0,0,1,0,0,24,0,0,0,0,0,0,0,8,0,0,0,0,0,0,1,0,1,49,0,0,0,0,0,0,1,0,0,0,0,0,0,0,0,0,2,0,0,0,0,0,0,0,0,0,0,0,75,0,15,0,0,6,0,0,11,0,0,33,2,0,0,29,0,0,0,0,0,1,11,2,1,2,3,1,0,0,1,0,3,0,0,85,15,0,5,0,0,0,0,13,2,0,0,0,0,0,2,1,0,0,0,0,0,0,0,0,2,0,19,2,0,0,0,0,65,0,40,0,0,2,0,1,56,37,39,0,0,0,42,8,0,0,0,0,0,4,0,0,0,0,0,0,0,19,0,0,0,0,0,1,0,0,54,4,14,0,4
green,0,12,0,0,0,90,0,43,0,15,2,1,2,15,0,0,0,0,7,0,16,0,48,0,4,0,2,1,2,1,11,3,1,0,4,28,0,2,0,28,0,3,102,0,0,0,7,7,0,3,28,1,10,4,1,0,0,7,0,3,52,7,1,0,0,23,2,14,0,1,1,6,41,7,0,2,0,7,8,0,0,0,0,0,0,8,1,0,9,128,0,8,0,0,68,0,16,69,4,11,50,7,0,6,62,0,0,0,1,9,2,21,26,8,7,14,17,4,15,8,3,18,0,0,15,287,17,29,0,1,22,21,63,66,4,17,1,8,29,9,1,0,6,0,4,37,1,2,1,55,2,51,32,8,0,0,41,158,0,20,16,0,1,17,9,139,103,78,0,2,0,125,16,16,12,3,9,7,7,0,25,1,0,0,0,0,55,5,0,1,13,0,12,5,15,96,11,20,18,58
gun,0,58,0,0,0,45,2,15,0,12,0,0,0,3,0,10,0,0,0,0,1,0,2,0,2,0,4,5,9,4,29,4,5,1,0,31,0,14,0,1,0,1,61,2,0,0,4,5,0,4,13,6,0,0,0,0,0,0,8,6,29,0,0,0,2,0,0,5,5,16,0,6,37,1,0,0,0,8,0,2,0,0,6,0,1,14,1,0,0,83,0,19,0,0,43,2,1,16,2,5,32,1,1,2,21,0,0,0,0,9,3,35,17,3,12,18,5,1,3,16,0,3,0,0,0,17,153,57,0,0,0,0,40,2,0,1,0,15,2,16,0,0,6,0,2,14,0,0,0,38,0,16,10,3,0,0,40,54,0,38,2,0,6,3,2,41,26,28,0,1,0,52,15,1,5,3,5,19,1,0,2,1,1,0,1,0,30,9,0,2,1,0,5,5,5,67,7,4,4,17
guns,0,76,0,0,0,74,0,18,0,12,0,0,0,1,0,10,0,0,0,0,7,0,9,0,2,0,5,6,7,3,57,3,22,8,2,59,0,3,0,9,1,2,78,3,0,1,1,2,0,4,22,6,0,0,0,0,0,0,5,5,31,0,0,0,3,12,0,5,7,6,0,6,54,1,3,1,0,9,0,3,1,0,2,0,0,21,4,1,1,164,0,28,0,0,63,4,6,34,2,22,57,13,0,1,20,0,0,0,2,12,5,48,39,2,8,8,6,1,8,11,0,9,0,0,5,29,57,226,0,0,8,4,67,11,0,5,2,11,8,27,0,0,4,0,1,18,0,0,0,59,0,21,12,9,0,0,63,94,0,70,2,0,4,4,1,66,27,46,0,0,0,86,12,1,4,3,2,16,0,0,29,1,0,0,0,0,32,7,0,2,8,0,6,2,30,104,5,5,5,18
health care,0,1,0,0,0,7,0,2,0,0,0,0,0,0,0,0,0,0,0,0,1,1,0,0,0,0,1,0,1,1,0,3,0,0,0,0,0,0,0,2,0,1,5,1,0,0,1,2,1,2,2,2,0,0,0,0,0,2,3,2,5,0,0,0,0,1,0,1,2,0,0,1,0,0,0,0,0,0,2,0,0,0,1,1,0,1,1,0,1,6,0,2,0,0,6,0,0,1,2,0,3,3,0,0,3,0,0,0,0,0,0,1,4,5,3,1,2,1,5,1,0,3,0,1,0,0,0,0,20,2,3,3,5,3,0,1,2,0,3,1,1,0,3,0,0,3,0,0,0,7,0,2,0,1,0,0,2,8,0,0,1,0,0,0,1,7,4,3,0,2,0,3,3,0,0,0,0,3,0,0,1,0,0,0,0,0,6,2,0,0,2,0,1,2,6,10,4,0,0,1
housing,0,0,0,0,0,3,0,3,0,0,0,0,0,1,0,0,0,0,1,0,1,0,0,0,1,0,0,0,0,0,0,0,0,0,0,1,0,0,0,0,0,0,3,0,0,0,0,0,0,1,0,0,0,0,0,0,0,0,0,0,4,0,0,0,0,1,0,0,0,0,0,0,0,0,0,0,0,1,0,0,0,0,0,0,0,0,0,0,0,10,0,0,0,0,0,0,0,1,1,0,0,5,0,0,6,0,0,0,0,0,0,1,0,2,0,4,0,0,0,0,0,1,0,0,0,1,0,0,2,11,1,1,0,3,0,1,1,0,2,2,0,0,0,0,1,2,0,0,0,0,0,3,0,0,0,0,0,5,0,0,0,0,0,0,1,6,4,6,0,0,0,2,1,2,1,0,0,0,0,0,0,0,0,0,0,0,3,0,0,0,0,0,1,0,0,6,1,0,0,0
illegal immigration,0,1,0,0,0,53,0,0,0,2,0,0,0,0,0,0,0,0,0,0,0,0,1,0,0,0,1,0,9,6,0,3,0,0,3,27,0,0,0,18,0,1,5,0,0,0,0,0,0,0,0,12,0,0,0,0,0,0,2,10,2,2,0,0,0,20,7,0,6,9,0,13,19,0,0,0,0,0,0,0,0,0,2,0,0,6,1,0,14,53,0,1,0,0,13,0,55,7,2,3,5,3,0,0,0,0,0,0,0,1,1,5,39,5,3,4,0,0,15,2,0,0,0,0,0,22,0,8,3,1,97,36,40,90,0,43,0,0,27,3,0,0,1,0,0,2,0,0,0,44,0,3,45,2,0,0,10,18,0,1,0,0,1,1,0,61,35,18,0,0,0,17,5,55,1,0,0,18,0,0,10,0,0,0,0,1,11,1,0,1,4,0,0,2,4,19,0,0,1,51
illegals,0,1,0,0,0,22,0,0,0,3,0,0,0,0,0,0,0,0,0,0,0,0,1,0,1,0,1,0,9,5,0,2,0,0,2,4,0,0,0,0,1,0,4,0,0,0,0,0,0,0,2,11,0,0,0,0,0,0,4,9,5,5,0,0,0,18,0,0,8,7,0,11,25,0,0,0,0,0,0,0,0,0,2,0,0,8,0,0,9,26,0,1,0,0,17,0,20,5,2,10,5,2,0,0,0,0,0,0,0,1,1,5,10,4,3,4,1,0,13,2,0,0,0,0,0,21,0,4,3,1,36,65,19,55,0,17,0,0,20,2,0,0,1,0,0,1,0,0,0,19,0,10,12,2,0,0,13,15,0,1,0,0,1,2,0,32,2,20,0,0,2,20,6,26,2,0,0,10,0,0,12,0,0,0,0,0,8,0,0,1,14,0,0,3,8,20,0,0,1,23
illustration,0,26,0,1,0,193,9,42,11,34,1,0,0,19,0,0,0,0,9,1,33,4,26,1,10,1,17,12,19,4,31,1,21,14,2,97,0,38,1,52,0,10,322,2,0,2,44,48,3,11,62,4,5,4,10,0,0,5,6,7,61,7,0,6,1,104,10,11,7,39,7,10,132,27,15,0,6,21,11,0,1,0,10,0,1,31,20,2,15,423,0,45,0,1,291,3,46,79,9,45,99,16,0,64,73,0,0,0,1,12,12,58,154,19,38,38,45,2,17,43,11,26,1,0,13,63,40,67,5,0,40,19,709,88,6,50,3,1,27,36,10,0,24,0,16,17,1,0,3,169,16,136,72,2,0,0,97,84,0,64,52,0,6,32,38,240,219,113,0,38,1,306,21,49,56,21,45,13,9,1,17,0,0,0,0,0,77,12,7,1,26,0,5,14,20,418,32,36,23,145
immigration,0,2,0,1,0,124,0,4,0,8,0,0,0,0,0,0,0,0,0,0,1,0,37,0,4,0,1,0,8,6,1,5,0,0,8,56,0,1,0,23,1,8,41,0,0,0,0,0,0,1,8,11,0,0,0,0,0,1,3,9,18,15,0,0,0,63,10,2,11,13,0,15,56,3,0,0,0,0,0,0,0,0,3,0,0,13,3,0,33,124,0,1,0,0,43,0,95,38,5,14,15,10,0,2,13,0,0,0,0,4,3,15,52,9,12,14,6,0,33,4,4,0,0,0,2,66,2,11,3,3,90,55,88,241,3,91,0,0,87,8,4,0,6,0,0,16,0,0,2,93,1,35,61,5,0,0,40,72,0,1,0,0,3,10,2,102,63,50,0,0,2,65,21,75,13,1,3,19,5,0,21,0,0,0,0,1,39,3,0,1,12,0,0,9,13,82,1,5,1,86
indigenous,0,0,0,0,0,6,0,0,0,0,0,0,0,0,0,0,0,0,0,0,0,0,5,0,0,0,0,0,0,0,0,0,0,0,0,1,0,0,0,0,0,0,4,0,0,0,0,0,0,0,1,0,0,1,0,0,0,0,2,0,2,0,0,0,0,0,0,1,0,0,0,0,0,0,0,0,0,0,0,0,0,0,0,0,0,0,0,0,0,7,0,0,0,0,8,0,1,7,0,0,2,0,0,0,3,0,0,0,0,0,0,0,0,0,5,0,0,0,1,8,9,1,1,0,0,4,0,0,0,0,0,0,6,3,18,3,0,0,0,5,8,0,3,0,0,4,0,0,0,11,0,1,0,1,0,0,1,6,0,0,0,0,0,0,0,5,11,1,0,0,0,7,3,1,1,0,9,0,0,0,0,0,0,0,0,0,2,1,0,0,0,0,0,1,1,11,1,0,0,1
infestation,0,0,3,0,0,74,0,2,0,3,0,0,0,0,0,0,0,0,0,0,0,0,12,0,2,0,0,0,2,0,0,1,0,0,1,31,0,2,0,20,1,5,10,0,0,0,0,0,0,0,2,4,0,0,0,0,0,0,2,1,4,3,0,0,0,30,9,1,6,3,0,4,12,1,0,0,1,0,0,0,0,0,0,0,0,0,1,0,9,68,0,1,0,0,13,0,48,16,2,3,7,3,0,1,3,0,0,0,0,3,3,8,40,4,2,3,2,0,4,4,2,1,0,0,0,17,1,5,1,1,43,17,50,91,3,106,0,0,31,0,1,0,1,0,0,8,0,0,0,51,1,12,36,1,0,0,8,24,0,2,0,0,1,6,0,48,38,17,0,0,1,19,10,42,8,0,1,8,2,0,5,0,0,0,0,1,17,0,0,0,4,0,0,6,5,34,0,1,1,46
infrastructure,0,0,0,0,0,7,0,2,0,0,0,0,1,1,0,0,0,0,0,0,1,0,0,0,0,0,0,0,0,0,0,0,0,0,0,5,0,0,0,0,0,0,2,0,0,0,0,0,0,2,1,0,0,0,0,0,0,1,0,1,2,0,0,0,0,0,0,1,1,0,1,0,0,0,0,1,0,2,3,0,0,0,0,0,0,0,0,0,0,8,0,2,0,0,3,0,0,4,0,0,1,3,0,0,5,0,0,0,0,0,0,0,5,2,0,1,1,1,1,0,0,0,0,0,0,1,0,2,2,1,0,0,3,0,0,0,12,0,1,0,0,0,0,0,1,2,0,0,0,3,0,2,0,0,0,0,0,9,0,0,1,0,0,1,0,3,2,4,0,0,0,3,1,0,0,0,0,0,0,0,2,0,0,0,0,0,4,2,0,0,0,0,1,0,5,8,3,2,1,2
intoxicants,0,17,0,0,0,2,0,1,0,0,0,0,0,0,0,0,0,0,0,0,1,0,0,0,0,0,0,0,0,0,17,0,0,0,0,0,0,0,0,0,0,0,17,0,0,0,0,0,0,0,9,0,0,0,0,0,0,0,0,0,0,0,0,0,0,0,0,0,0,0,0,0,17,0,0,0,0,1,0,0,0,0,0,0,0,0,0,0,0,12,0,2,0,0,1,0,0,8,0,2,8,2,0,0,11,0,0,0,0,6,0,3,0,0,2,1,1,0,0,2,0,3,0,0,0,8,15,11,0,0,0,0,1,0,0,0,0,21,0,2,0,0,1,0,0,0,0,0,0,11,0,2,11,0,0,0,12,19,0,0,1,0,2,1,0,4,2,1,0,0,0,4,1,0,0,0,0,0,0,0,0,0,0,0,0,0,2,0,0,0,0,0,0,0,0,2,1,1,0,2
invader,0,2,0,0,0,63,0,2,0,12,1,0,0,0,0,0,0,0,0,0,1,0,11,0,4,0,3,3,7,6,0,1,0,0,5,39,0,0,0,3,1,10,13,0,0,0,0,0,0,0,2,8,0,0,0,0,0,2,2,8,11,12,0,2,0,38,2,0,11,7,0,9,23,4,0,0,0,3,0,1,0,0,0,0,0,10,3,0,22,57,0,0,0,0,24,0,38,27,5,5,9,4,1,1,8,0,0,0,0,1,1,15,17,6,1,1,8,0,22,2,2,1,0,0,0,29,2,8,3,2,27,20,27,87,0,31,1,0,116,3,1,0,2,0,1,14,0,0,0,37,0,15,9,2,0,0,20,47,0,0,0,0,2,4,1,33,11,19,0,0,0,33,5,19,7,0,0,19,0,0,9,0,0,0,0,0,30,1,0,1,8,0,1,5,12,51,0,0,0,37
justice,0,6,0,1,0,94,0,18,1,2,0,0,0,15,0,1,0,19,0,0,16,0,0,0,1,0,3,5,8,5,0,13,4,1,1,37,0,0,1,2,0,4,34,5,0,0,1,3,0,8,16,10,0,0,2,0,5,1,7,12,66,0,0,2,0,0,0,6,11,1,0,9,6,0,0,2,0,4,10,1,1,0,23,0,0,19,3,0,3,158,1,149,0,1,31,8,3,9,1,2,95,30,0,4,27,0,0,0,1,0,0,61,28,4,80,102,9,3,1,63,4,5,1,2,2,9,16,27,1,2,3,2,36,8,5,0,0,2,3,264,3,0,37,0,0,7,0,2,0,25,3,17,5,1,0,0,18,65,0,85,9,0,26,18,2,169,105,85,4,2,0,63,12,7,7,1,7,27,1,0,7,0,0,0,15,0,39,18,0,2,4,0,14,7,10,91,59,7,11,8
language,0,0,0,0,0,7,0,3,0,0,0,0,0,0,0,0,0,0,0,0,0,0,3,0,2,0,0,0,0,0,0,0,0,0,0,0,0,0,0,3,0,3,5,0,0,0,0,0,0,0,1,0,0,0,0,0,0,0,1,1,4,0,0,0,0,0,0,1,1,0,0,1,3,4,0,0,0,0,0,0,0,0,0,0,0,1,0,0,1,11,0,2,0,0,11,0,0,7,1,0,2,4,0,1,1,0,0,0,0,0,0,2,2,0,6,0,1,0,1,7,8,2,0,0,1,1,0,0,1,0,0,0,10,4,8,1,0,0,1,3,27,0,2,0,0,5,0,1,0,12,0,3,4,1,0,0,3,8,0,1,0,0,0,0,0,9,16,6,0,1,0,7,2,0,4,1,9,1,0,0,0,0,0,0,0,0,4,2,0,0,0,0,1,2,2,13,3,1,1,5
liberals,0,0,0,0,0,1,0,0,0,0,0,0,0,0,0,0,0,0,0,0,0,0,0,0,0,0,0,0,0,0,0,0,0,0,0,0,0,0,0,0,0,0,0,0,0,0,0,0,0,0,0,0,0,0,0,0,0,0,0,1,0,0,0,0,0,0,0,0,0,0,0,0,0,0,0,0,0,0,0,0,0,0,0,0,0,0,0,0,0,1,0,0,0,0,0,0,0,0,0,0,0,0,0,0,0,1,0,0,0,0,0,0,0,0,0,0,0,0,0,0,0,0,0,0,0,0,0,0,0,0,0,0,0,0,0,0,0,0,0,0,0,1,0,0,0,0,0,0,0,0,0,0,0,0,0,0,0,0,0,0,0,0,0,0,0,0,0,0,0,0,0,0,1,0,0,0,0,0,0,0,0,0,0,0,0,0,0,1,0,0,0,0,0,0,0,0,0,0,0,0
liberty,0,7,0,0,0,31,2,5,0,4,0,0,0,5,0,1,0,1,0,1,5,0,1,0,1,0,1,2,6,2,9,3,0,0,1,12,0,1,0,0,0,5,24,0,0,0,1,1,0,5,2,6,0,0,0,0,0,2,6,6,11,0,0,0,0,0,0,1,6,2,0,5,7,0,0,0,0,1,0,0,0,0,5,2,0,2,1,0,2,42,0,28,0,0,16,0,1,4,2,5,29,3,0,0,9,0,0,0,0,1,1,14,12,12,26,30,8,0,6,37,3,2,0,2,0,6,6,4,3,0,1,1,24,6,3,1,0,1,2,37,2,0,74,0,0,2,0,1,2,17,8,21,2,1,0,0,17,17,0,7,3,0,8,11,0,25,29,22,0,1,0,26,6,5,9,4,10,8,0,0,8,0,0,0,0,0,19,5,7,0,7,0,2,4,10,39,12,6,2,14
liberty_rising,0,0,0,0,0,0,0,0,0,0,0,0,0,0,0,0,0,0,0,0,0,0,0,0,0,0,0,0,0,0,0,0,0,0,0,0,0,0,0,1,0,0,0,0,0,0,0,0,0,0,0,0,0,0,0,0,0,0,0,0,0,0,0,0,0,0,0,0,0,0,0,0,0,0,0,0,0,0,0,0,0,0,0,0,0,0,0,0,0,1,0,0,0,0,0,0,0,0,0,0,0,0,0,1,1,0,0,0,0,0,0,0,1,0,0,1,0,0,0,1,0,1,0,0,0,0,0,0,0,0,0,0,0,0,0,0,0,0,0,0,0,0,0,3,0,2,0,0,0,1,0,1,0,0,0,0,0,0,0,0,0,0,0,0,0,0,0,0,0,0,0,0,1,0,0,0,0,0,0,0,0,0,0,0,0,0,0,0,0,0,0,0,0,0,0,2,0,0,2,1
magenta,0,0,0,0,0,5,0,4,0,1,0,0,1,1,0,1,0,0,0,0,4,0,4,0,0,0,0,0,0,0,0,0,0,0,0,3,0,0,0,8,0,0,26,0,0,0,14,17,2,0,7,0,2,2,0,0,0,0,0,0,3,0,0,0,0,7,0,2,0,0,0,0,1,0,0,0,0,3,0,0,0,0,0,0,0,0,0,0,0,23,0,0,0,0,12,0,0,8,0,0,2,2,0,8,11,0,0,0,0,0,0,1,0,0,0,2,4,0,0,0,0,12,0,0,0,4,2,1,0,1,0,0,16,0,0,0,1,0,1,0,0,0,0,0,44,5,0,0,1,1,0,13,4,1,0,0,1,13,0,1,9,0,0,0,3,11,15,5,0,11,0,2,4,0,2,1,2,0,2,0,1,0,0,0,0,0,12,0,0,0,1,0,2,0,0,20,0,4,3,4
meme,0,10,0,0,0,75,1,35,0,6,0,0,1,6,0,0,0,1,0,0,8,0,43,0,10,0,3,3,5,2,6,4,0,1,23,24,0,0,0,159,0,6,52,1,0,0,7,8,0,4,18,0,77,1,0,0,0,6,2,4,26,0,0,0,0,7,0,15,3,2,2,7,12,4,1,1,0,6,7,0,0,0,0,0,0,4,1,0,1,146,0,13,0,0,56,2,2,52,8,5,30,14,1,5,39,0,0,0,1,0,0,20,18,2,6,13,36,2,8,8,1,24,0,0,0,37,14,18,3,2,2,1,17,16,4,8,2,0,14,7,5,0,2,2,5,291,0,4,0,33,0,54,12,0,0,0,14,69,0,21,33,0,5,3,5,98,73,50,0,7,0,68,28,3,10,2,3,5,2,0,7,1,0,0,1,0,41,10,0,1,4,0,0,9,14,142,10,6,79,37
mericanfury,0,0,0,0,0,0,0,0,0,0,0,0,0,0,0,0,0,0,0,0,0,0,0,0,0,0,0,0,0,0,0,0,0,0,0,0,0,0,0,0,0,0,0,0,0,0,0,0,0,0,0,0,0,0,0,0,0,0,0,0,0,0,0,0,0,0,0,0,0,0,0,0,1,0,0,0,0,0,0,0,0,0,0,0,0,0,0,0,0,1,0,0,0,0,2,0,0,0,0,0,0,0,0,0,2,0,0,0,0,0,0,0,0,0,0,0,0,0,0,0,0,0,0,0,0,1,0,0,0,0,0,0,1,0,0,0,0,0,0,0,0,0,0,0,0,0,3,0,0,2,0,3,0,0,0,0,1,2,0,1,1,0,0,0,0,1,0,1,0,0,0,2,0,0,0,0,0,0,0,0,0,0,0,0,0,0,1,0,0,0,0,0,0,0,0,2,0,1,0,0
millennials,0,0,0,0,0,1,0,0,0,0,0,0,0,0,0,0,0,0,0,0,0,0,0,0,0,0,0,0,0,0,0,2,0,0,0,1,0,0,0,4,0,0,2,0,0,0,0,1,0,1,1,0,0,0,0,0,0,0,1,0,0,0,0,0,0,0,0,1,0,0,0,0,0,0,0,0,0,0,0,0,0,0,0,0,0,0,0,0,1,6,0,2,0,0,2,0,0,1,0,0,3,2,0,2,0,0,0,0,0,0,0,0,2,1,5,4,1,0,0,1,0,4,0,0,0,2,0,0,0,0,0,0,0,0,0,0,0,0,0,2,1,0,1,0,0,4,0,12,0,1,0,0,0,0,0,0,0,5,0,0,6,0,0,0,0,3,2,0,0,1,0,2,1,0,1,0,0,0,0,0,0,0,0,0,0,0,1,1,0,0,0,0,0,0,0,6,1,3,5,0
muslim_voice,0,0,0,0,0,1,0,0,0,0,0,0,0,0,0,0,0,0,0,0,0,0,0,0,0,0,0,0,0,0,0,0,0,0,0,2,0,0,0,0,0,2,2,0,0,0,0,0,0,0,2,0,0,0,0,0,0,0,0,0,0,0,0,0,0,1,0,0,2,0,0,0,2,0,0,0,0,0,0,0,0,0,0,0,0,0,0,0,0,2,0,0,0,0,4,0,0,0,0,0,0,0,0,1,2,0,0,0,0,0,0,0,1,0,0,2,0,0,2,0,0,0,0,0,0,1,0,0,0,0,0,0,3,2,0,0,0,0,0,0,0,0,2,0,1,0,0,0,5,0,0,1,0,0,0,0,0,1,0,0,1,0,0,0,1,2,2,2,0,0,0,2,2,2,3,0,1,0,0,0,0,0,0,0,0,0,0,0,0,0,0,0,0,0,0,2,0,0,0,0
nation,0,39,0,3,0,156,2,22,1,45,1,0,0,1,0,2,0,3,0,0,8,3,22,0,14,0,19,15,14,10,32,18,2,4,5,65,0,18,0,27,1,9,140,1,0,0,6,10,1,17,37,21,0,2,0,0,0,2,14,18,38,6,0,9,1,32,7,9,10,28,2,37,125,12,12,1,5,12,5,3,0,0,5,0,0,16,21,1,4,191,0,14,0,0,150,1,51,45,12,73,55,13,0,4,38,0,0,0,0,10,4,38,89,9,25,20,26,2,30,32,14,14,1,2,2,55,38,59,7,0,44,19,169,93,11,51,3,11,37,25,12,0,17,1,1,33,2,1,0,389,7,60,52,16,0,0,156,120,0,23,5,1,4,17,4,117,104,48,0,9,0,176,37,39,26,7,21,15,3,0,46,1,1,0,0,1,71,14,1,3,37,0,11,33,56,200,13,17,7,81
national monuments,0,1,0,0,0,10,0,1,0,2,1,0,0,2,0,0,0,0,0,0,1,0,0,0,0,0,3,1,2,0,4,0,0,0,0,7,0,1,0,1,0,6,8,0,0,0,1,1,0,2,0,3,0,0,0,0,0,0,0,2,5,0,0,0,0,0,0,0,2,2,0,0,4,7,0,0,0,1,0,0,0,0,1,0,0,0,0,0,2,14,0,2,0,0,11,0,0,1,0,4,2,2,0,0,0,0,0,0,0,1,1,2,11,3,2,4,4,0,4,4,0,1,0,0,0,2,0,0,0,0,0,0,16,1,0,1,0,0,0,3,0,0,8,0,0,0,0,0,0,7,30,8,3,1,0,0,4,9,0,0,1,0,0,4,0,8,10,10,0,1,0,13,0,2,9,0,5,0,0,0,0,0,0,0,0,0,5,1,2,0,2,0,1,0,2,17,0,0,1,8
non-partisan,0,1,0,0,0,115,3,55,8,20,1,0,0,34,0,0,0,0,3,4,34,0,18,0,1,0,2,0,0,2,7,0,11,4,18,43,0,19,0,63,1,3,203,0,0,0,31,36,3,0,47,0,47,0,3,0,0,12,1,0,66,9,0,1,1,43,3,16,1,17,0,3,66,23,0,0,2,27,2,0,3,0,1,1,0,23,9,0,15,280,0,18,1,1,136,1,14,78,1,19,57,7,0,17,90,0,0,0,3,9,8,34,31,8,20,21,50,4,12,23,2,42,1,0,19,51,16,21,2,3,3,10,136,35,1,12,2,2,15,17,3,0,21,1,13,54,3,0,1,60,8,464,24,10,0,0,46,199,0,55,51,2,5,25,24,153,149,83,0,30,2,148,69,8,28,9,20,7,3,3,6,0,0,0,1,0,94,2,5,2,4,0,13,3,6,240,10,46,35,73
orange,0,14,0,0,0,61,1,13,1,2,0,0,1,2,0,1,0,1,3,0,8,0,13,0,2,0,2,0,0,1,14,1,0,0,3,27,0,0,1,28,1,3,59,0,0,0,2,2,0,0,9,0,5,1,8,0,0,2,1,1,9,0,0,0,0,10,8,3,0,1,0,0,26,8,0,0,0,3,3,0,1,0,1,0,0,3,1,1,7,90,0,5,0,0,26,0,41,27,2,3,13,3,0,3,23,0,0,0,1,2,0,9,49,1,3,4,17,0,6,1,0,12,0,0,2,32,10,12,0,0,45,12,72,61,0,36,0,11,9,5,4,0,2,0,4,12,0,0,0,52,3,24,157,4,0,0,15,59,1,5,8,0,7,8,3,90,75,26,0,1,0,30,4,44,13,6,10,1,2,0,1,0,0,0,0,0,17,1,0,1,0,0,0,1,2,30,12,9,9,70
painting,0,1,0,0,0,8,1,3,0,10,1,0,0,0,0,0,0,0,0,0,4,0,9,0,0,0,2,2,0,2,0,1,0,0,3,3,0,1,0,4,0,0,29,1,0,0,2,2,0,0,6,0,1,2,0,0,0,0,0,2,6,0,0,0,1,2,0,2,0,1,0,0,13,0,0,0,0,1,0,0,0,1,0,0,0,1,9,1,0,15,0,2,0,0,24,0,1,15,1,4,2,1,0,0,5,0,0,0,1,0,0,0,10,2,1,1,10,1,3,1,1,2,0,0,0,8,3,9,1,0,2,2,2,5,1,1,0,0,2,1,1,0,1,0,1,0,0,0,0,16,1,10,4,46,0,0,13,6,0,7,1,0,0,2,1,18,13,4,0,2,0,23,0,1,5,4,2,2,1,0,8,1,0,0,0,1,6,3,0,1,3,0,0,1,8,24,3,2,3,13
pan-african roots moves,0,0,0,0,0,0,0,0,0,0,0,0,0,0,0,0,0,0,0,0,0,0,0,0,0,0,0,0,0,0,0,0,0,0,0,0,0,0,0,0,0,0,1,0,0,0,0,0,0,0,0,0,0,0,0,0,0,1,0,0,0,0,0,0,0,0,0,0,0,0,0,0,0,0,0,0,0,0,0,0,0,0,0,0,0,0,0,0,0,1,0,0,0,0,1,0,0,1,0,0,0,0,0,0,0,0,0,0,0,0,0,0,0,0,0,0,1,0,0,0,0,0,0,0,0,0,0,0,0,0,0,0,0,0,0,0,0,0,0,0,0,0,0,0,0,0,0,0,0,0,0,0,0,0,1,0,0,1,0,0,1,0,0,0,0,1,1,0,0,0,0,0,1,0,0,0,0,0,0,0,0,0,0,0,0,0,0,0,0,0,0,0,0,0,0,0,0,0,0,0
patriot's heart,0,0,0,0,0,0,0,0,0,0,0,0,0,0,0,0,0,0,0,0,0,0,0,0,0,0,0,0,0,0,0,0,0,0,0,0,0,0,0,0,0,0,0,0,0,0,0,0,0,0,1,0,0,0,0,0,0,0,0,0,0,0,0,0,0,0,0,0,0,0,0,0,1,0,0,0,0,0,0,0,0,0,0,0,0,0,0,0,0,0,0,0,0,0,0,0,0,0,0,1,0,0,0,0,0,0,0,0,0,0,0,0,0,0,0,0,0,0,0,0,0,0,0,0,0,0,0,0,0,0,0,0,0,0,0,0,0,0,0,0,0,0,0,0,0,0,0,0,0,0,0,0,0,0,0,1,1,1,0,0,0,0,0,0,0,0,0,0,0,0,0,0,0,0,0,0,0,0,0,0,0,0,0,0,0,0,0,0,0,0,0,0,0,0,0,0,0,0,0,0
patriotism,0,52,0,4,1,63,4,3,1,75,0,0,0,0,0,0,0,0,0,0,2,1,9,0,6,0,16,12,16,12,38,11,3,1,10,18,0,15,0,5,1,7,146,1,0,0,4,6,0,15,29,16,1,1,0,0,0,0,9,11,25,6,0,8,0,23,0,7,5,23,0,19,141,1,11,0,0,1,0,4,0,0,3,3,0,15,27,2,4,112,0,7,0,0,143,1,20,24,4,53,16,2,1,3,24,0,0,0,0,5,2,18,39,5,7,3,7,1,12,14,3,8,0,2,0,41,40,63,2,0,10,13,97,40,1,8,0,12,20,18,3,0,17,0,1,14,1,0,0,156,4,46,15,13,0,1,273,111,0,4,1,0,2,7,1,23,22,17,0,2,0,156,28,2,21,10,11,11,1,0,45,0,1,0,0,0,53,16,0,5,44,0,1,15,49,167,3,13,6,34
photograph,0,54,2,4,0,332,0,271,4,50,3,0,11,77,1,7,4,5,18,13,96,3,73,0,21,0,7,3,12,6,45,11,6,0,34,120,1,5,6,75,3,18,492,8,1,3,24,31,5,11,123,12,22,3,1,1,0,27,8,13,244,9,1,3,0,53,0,80,12,12,4,29,100,27,4,4,3,53,34,2,3,2,2,4,0,24,4,0,17,795,0,86,1,2,255,5,29,281,17,31,189,53,1,38,294,0,1,0,2,21,14,129,105,25,77,64,211,9,36,51,4,99,0,0,65,158,54,94,8,5,18,15,84,72,6,24,9,19,47,65,8,0,17,0,13,69,2,5,1,120,9,199,59,6,1,1,111,1185,0,161,105,1,23,56,39,635,513,312,0,19,0,339,69,8,59,13,31,22,29,1,38,0,1,0,0,0,256,24,0,2,34,0,1,29,50,673,55,92,53,137
photography,0,0,0,0,0,0,0,0,0,0,0,0,0,0,0,0,0,0,0,0,0,0,0,0,0,0,0,0,0,0,0,0,0,0,0,0,0,0,0,0,0,0,0,0,0,0,0,0,0,0,0,0,0,0,0,0,0,0,0,0,0,0,0,0,0,0,0,0,0,0,0,0,0,0,0,0,0,0,0,0,0,0,0,0,0,0,0,0,0,1,0,1,0,0,1,0,0,0,0,0,0,0,0,0,0,0,0,0,0,0,0,1,0,0,0,0,0,0,0,0,0,0,0,0,0,0,0,0,0,0,0,0,0,0,0,0,0,0,0,0,0,0,0,0,0,0,0,0,0,0,0,0,1,0,0,0,0,0,1,1,0,0,1,0,0,0,0,0,0,0,0,1,0,0,0,0,0,0,0,0,0,0,0,0,0,0,0,0,0,0,0,0,0,0,0,1,0,0,0,0
police brutality,0,2,0,0,0,205,0,109,0,1,0,0,0,53,1,1,4,16,0,0,35,0,0,0,0,0,0,0,4,2,0,2,31,14,7,113,0,0,0,5,0,3,28,3,0,0,0,1,0,1,9,2,0,0,0,0,4,4,3,3,168,0,0,0,0,0,0,11,9,1,0,1,25,2,0,0,14,23,2,0,1,0,7,0,0,35,1,0,2,275,0,95,0,0,75,9,0,45,0,1,138,25,0,1,80,0,0,1,7,0,0,134,53,1,31,46,13,1,3,17,0,5,0,0,40,20,38,70,0,0,1,1,64,1,0,2,0,0,0,85,1,0,7,0,1,21,1,0,0,23,0,55,5,7,0,0,4,161,1,387,6,1,15,20,8,246,91,214,4,0,0,76,34,2,2,1,2,20,1,0,0,0,0,0,0,0,62,11,0,1,0,0,48,0,3,181,30,15,3,40
popular culture,0,1,0,0,0,14,0,46,0,2,1,0,4,2,0,0,0,1,3,0,13,0,14,0,5,0,0,0,0,0,0,3,0,0,12,3,0,1,2,31,0,1,117,4,0,0,8,10,1,0,23,0,22,0,0,0,0,4,1,1,13,0,0,0,1,32,0,16,0,3,0,0,3,0,0,1,0,11,4,0,0,0,0,0,0,0,0,0,1,135,0,14,0,0,68,0,0,49,2,1,18,9,0,36,22,0,0,0,0,4,3,4,6,4,16,13,109,5,0,6,0,27,0,0,0,16,2,2,1,0,0,0,52,0,0,0,1,1,0,9,0,0,3,0,9,33,1,6,1,5,1,51,8,1,1,0,1,105,0,6,198,0,0,9,14,81,78,24,0,8,0,35,16,0,4,3,3,0,9,2,1,0,0,0,0,0,35,1,0,0,1,0,5,1,0,115,12,13,30,20
pray4police,0,0,0,0,0,0,0,0,0,0,0,0,0,0,0,0,0,0,0,0,0,0,0,0,0,0,0,0,0,0,0,0,0,0,0,0,0,0,0,0,0,0,2,0,0,0,0,0,0,0,0,0,0,0,0,0,0,0,0,0,0,0,0,0,0,0,0,0,0,0,0,0,0,0,0,0,0,0,0,0,0,0,0,0,0,0,0,0,0,2,0,0,0,0,2,0,0,0,0,0,0,0,0,1,0,0,0,0,0,0,0,0,2,0,0,0,0,0,0,0,1,0,0,0,0,0,0,0,0,0,0,0,0,0,0,0,0,0,0,0,0,0,0,0,0,0,0,0,0,1,0,2,0,0,0,0,0,1,0,1,0,3,0,0,0,0,0,0,0,0,0,0,2,0,0,0,0,0,0,0,0,0,0,0,0,0,0,0,0,0,0,0,0,0,0,2,0,0,0,0
prison,0,3,0,0,0,37,0,6,0,0,0,0,0,0,0,0,0,3,0,0,2,0,1,0,1,0,0,0,4,1,0,2,2,0,2,11,0,0,7,3,1,0,7,1,0,0,0,0,0,1,1,4,1,0,0,0,0,2,3,5,15,0,0,0,0,1,0,3,2,0,0,3,0,0,0,0,0,7,0,0,1,0,3,0,0,6,0,0,3,36,0,19,0,0,6,3,1,6,1,0,18,7,0,0,11,0,0,0,0,0,0,37,7,3,7,9,2,0,0,18,0,1,0,0,2,1,6,4,0,0,1,1,6,3,0,1,0,2,2,26,0,0,8,0,0,5,0,0,0,4,0,5,7,0,0,0,2,23,1,15,0,0,59,0,1,27,11,17,0,0,0,3,6,1,0,0,2,5,0,0,0,0,0,0,0,0,12,2,0,1,0,0,5,0,1,27,7,6,1,2
protester,0,1,0,0,0,53,0,10,0,5,0,0,0,4,0,0,0,1,0,0,32,1,10,0,0,0,1,1,1,1,0,1,0,0,4,9,0,0,0,3,0,5,46,4,0,2,2,3,1,3,4,2,0,1,0,0,0,3,3,3,17,0,0,0,0,1,3,4,3,1,0,4,5,5,0,2,0,9,3,0,1,0,1,0,0,0,0,0,5,78,0,27,0,0,8,1,3,12,0,1,44,5,0,0,20,0,0,0,0,0,0,7,17,4,16,21,14,4,6,13,0,2,0,0,0,17,3,4,0,0,1,2,32,10,0,6,1,1,4,18,0,0,11,0,0,3,0,0,0,17,4,25,8,2,0,0,7,56,0,20,9,0,0,108,3,68,68,48,0,1,0,46,8,7,4,0,1,3,2,0,0,0,0,0,1,0,19,5,0,0,1,0,6,2,10,54,9,11,0,14
purple,0,1,0,0,0,8,0,8,0,3,0,0,0,5,0,0,0,0,0,0,3,1,1,0,1,0,0,0,0,0,1,0,0,0,1,4,0,0,0,6,0,0,31,0,0,0,6,7,0,2,2,1,5,2,0,0,0,1,0,2,11,0,0,0,0,41,0,4,0,0,0,2,0,0,0,0,0,2,0,0,0,0,0,0,0,0,0,0,0,56,0,3,0,0,47,0,0,8,0,0,13,1,0,45,30,0,0,0,0,0,0,3,18,1,7,3,12,0,1,1,0,4,0,0,1,9,2,1,1,1,0,0,38,2,0,0,0,0,1,2,0,0,0,0,3,5,0,0,1,4,0,24,3,1,0,0,1,39,0,8,14,0,1,3,96,21,13,13,0,2,0,7,1,1,1,0,1,0,0,1,0,0,0,0,1,0,29,3,0,0,0,0,3,2,0,49,1,4,5,11
race,0,13,0,1,0,448,0,313,0,4,1,0,12,70,1,22,4,4,24,10,161,0,97,0,12,0,12,6,11,11,0,18,5,3,17,175,1,0,1,76,1,7,479,9,0,0,3,5,0,3,119,9,5,3,6,1,0,39,5,21,253,1,1,1,0,11,7,66,22,10,0,28,42,15,0,3,7,97,47,0,6,3,18,0,0,35,2,0,18,978,1,252,1,3,198,3,45,270,8,11,271,91,1,32,284,0,0,0,1,9,12,163,171,24,126,131,180,7,23,60,3,115,0,0,56,139,41,66,7,6,61,32,240,102,5,48,3,4,33,169,9,0,25,0,11,98,1,3,2,117,8,153,90,18,1,0,23,635,0,246,81,0,27,68,21,1344,833,526,0,6,0,343,209,59,37,9,14,29,34,1,15,0,0,0,14,0,210,36,0,1,9,0,75,24,20,672,122,77,28,158
racial identities,0,16,0,2,0,260,0,206,0,3,0,1,11,48,1,16,0,1,27,11,123,0,100,0,9,0,8,5,7,4,0,13,2,2,14,106,1,0,1,74,2,11,500,11,0,0,0,2,0,4,96,6,1,6,10,0,0,35,6,14,134,0,1,0,0,1,7,52,13,5,0,11,31,26,0,1,5,73,47,0,3,3,21,0,0,14,1,0,4,746,0,164,1,1,160,2,35,237,6,5,188,50,1,23,232,0,1,0,1,11,13,73,130,22,130,100,154,8,11,58,7,100,1,0,37,103,26,27,4,4,35,2,219,63,11,38,2,2,11,105,16,0,29,0,15,73,0,2,2,104,10,149,75,13,1,0,22,513,0,91,78,0,11,68,13,833,1043,287,0,4,1,298,207,41,58,13,37,17,34,0,8,1,0,0,0,0,173,39,0,1,5,0,41,18,13,532,108,89,21,122
racial tensions,0,9,0,0,0,342,0,177,0,7,0,0,2,69,0,15,4,9,3,0,83,0,34,0,11,0,10,4,5,3,0,10,5,3,14,126,0,2,1,16,2,12,123,8,0,0,0,1,0,3,28,3,2,1,0,1,0,17,3,11,204,1,0,0,0,8,0,17,11,6,0,11,27,6,0,3,4,54,24,0,4,2,4,0,0,19,2,0,8,456,0,125,1,3,97,3,6,95,7,7,210,40,0,8,143,0,0,0,1,4,3,140,100,9,45,83,66,7,15,34,3,25,0,0,39,78,28,46,3,6,18,20,113,50,1,17,4,1,19,85,6,0,22,0,5,50,1,0,2,48,10,83,26,4,0,0,17,312,0,214,24,0,17,48,13,526,287,651,0,0,2,160,84,16,18,3,4,21,6,1,6,1,0,0,0,0,113,18,0,1,3,0,54,15,14,350,63,26,8,58
racism,0,0,0,0,0,0,0,0,0,0,0,0,0,0,0,0,0,4,0,0,0,0,0,0,0,0,0,0,0,0,0,0,0,0,0,0,0,0,0,0,0,0,0,0,0,0,0,0,0,0,0,0,0,0,0,0,4,0,0,0,0,0,0,0,0,0,0,0,0,0,0,0,0,0,0,0,0,0,0,0,0,0,0,0,0,0,0,0,0,4,0,0,0,0,0,0,0,0,0,0,4,0,0,0,0,0,0,0,0,0,0,0,0,0,4,0,0,0,0,0,0,0,0,0,0,0,0,0,0,0,0,0,0,0,0,0,0,0,0,4,0,0,0,0,0,0,0,0,0,0,0,0,0,0,0,0,0,0,0,4,0,0,0,0,0,0,0,0,4,0,0,0,0,0,0,0,0,0,0,0,0,0,0,0,0,0,0,4,0,0,0,0,0,0,0,0,0,0,0,0
rainbow,0,0,0,0,0,23,0,0,0,1,1,0,0,0,0,0,0,0,0,0,0,0,0,0,1,0,1,1,3,0,0,1,0,0,0,5,0,1,0,7,0,0,45,0,0,0,64,73,4,2,16,0,1,0,0,0,0,0,0,1,8,0,0,0,0,0,0,8,0,1,0,1,6,1,0,0,0,1,0,0,0,0,0,0,0,2,0,0,0,12,0,0,0,0,9,0,0,2,1,3,20,3,0,1,8,0,0,0,0,0,0,1,2,1,4,11,11,0,0,3,0,34,0,0,0,2,1,0,2,0,0,0,38,0,0,0,0,0,0,2,1,0,1,0,11,7,0,1,0,9,1,30,1,2,0,0,2,19,0,0,8,0,0,1,2,6,4,0,0,81,0,4,6,0,6,4,6,0,0,0,0,0,0,0,0,0,15,0,0,0,2,0,3,0,4,22,1,4,3,3
rebeltexas,0,0,0,0,0,2,0,0,0,0,0,0,0,0,0,0,0,0,0,0,0,0,0,0,0,0,0,0,0,0,0,0,0,0,0,0,0,0,0,0,1,0,0,0,0,0,0,0,0,0,0,0,0,0,0,0,0,0,0,0,0,0,0,0,0,0,0,0,0,1,0,0,0,0,0,0,0,0,0,0,0,0,0,0,0,0,0,0,0,1,0,0,0,0,0,0,0,0,0,0,0,0,0,0,0,0,0,0,0,0,0,0,0,0,0,0,0,0,1,0,0,0,0,0,0,0,0,0,0,0,0,2,1,2,0,1,0,0,0,0,0,0,0,0,0,0,0,0,0,0,0,2,0,0,0,0,0,0,0,0,0,0,0,0,0,0,1,2,0,0,2,0,1,0,0,0,0,0,0,0,0,0,0,0,0,0,0,0,0,0,0,0,0,0,0,1,0,0,0,0
red,0,25,0,4,0,208,9,80,8,60,1,1,6,34,0,2,4,0,7,2,57,0,51,1,25,1,24,23,34,15,11,13,21,8,14,87,0,41,0,58,1,17,345,6,0,2,11,12,0,12,76,19,19,2,7,1,0,8,10,26,113,6,0,11,0,34,0,28,17,52,8,44,181,30,19,3,0,24,22,2,4,0,14,2,1,27,28,2,13,427,1,73,0,1,328,2,25,115,16,56,121,11,1,17,116,0,1,0,2,14,11,68,113,12,51,36,78,7,35,36,8,26,2,2,42,125,52,86,3,2,17,20,306,65,7,19,3,4,33,63,7,0,26,0,2,68,2,2,2,176,13,148,30,23,0,0,156,339,1,76,35,0,3,46,7,343,298,160,0,4,0,795,55,16,66,26,41,20,11,0,45,1,1,0,0,1,151,20,1,4,45,0,17,36,57,508,49,52,34,96
redacted,0,12,0,0,0,88,0,62,10,12,0,1,3,1,0,15,0,1,4,0,84,0,57,0,6,0,8,5,4,3,0,6,7,1,8,39,0,1,3,38,2,0,165,0,0,0,16,19,1,3,41,6,17,1,1,0,1,14,1,10,40,0,1,6,0,6,0,20,1,2,2,12,13,3,3,0,7,38,13,4,1,2,1,0,0,4,0,0,2,317,0,19,0,1,36,5,1,35,5,6,45,13,0,7,38,1,1,1,3,6,4,14,25,7,22,12,13,0,11,8,0,43,0,0,8,16,15,12,3,1,5,6,21,21,3,10,1,1,5,12,2,1,6,1,4,28,0,1,2,37,0,69,4,0,1,0,28,69,0,34,16,2,6,8,1,209,207,84,0,6,1,55,489,3,4,1,2,0,6,2,2,0,0,1,0,0,49,16,0,0,4,1,6,8,9,117,21,21,21,20
refugees,0,0,0,0,0,48,0,2,0,1,0,0,0,0,0,0,0,0,0,0,0,0,0,0,1,0,0,0,9,5,0,0,0,0,0,29,0,1,0,18,0,7,4,0,0,0,0,0,0,2,0,12,0,0,0,0,0,0,2,11,7,1,0,0,0,3,10,0,14,7,0,9,12,4,0,0,0,1,0,0,0,0,1,0,0,6,0,0,13,54,0,1,0,0,15,0,47,3,1,0,1,1,0,0,5,0,0,0,0,1,1,2,37,2,5,10,1,0,11,6,0,0,1,0,0,16,1,1,0,2,55,26,49,75,1,42,0,0,19,7,0,0,5,0,0,3,0,0,2,39,2,8,44,1,0,0,2,8,0,2,0,0,1,7,1,59,41,16,0,0,0,16,3,92,7,1,0,8,0,0,0,0,0,0,0,1,6,1,0,1,0,0,0,1,5,22,0,0,1,50
religion,0,1,6,2,0,26,11,3,0,5,0,0,0,1,0,0,0,0,1,12,0,0,4,0,4,0,2,0,8,4,0,5,0,0,0,18,0,1,0,6,0,24,58,0,0,1,8,10,0,7,11,7,1,0,4,0,0,0,4,4,17,0,0,0,0,3,0,4,19,5,0,6,41,32,0,0,0,3,0,0,0,0,3,0,1,1,2,0,3,63,0,3,0,0,55,0,2,20,3,5,12,0,1,4,17,0,0,0,0,1,1,7,38,2,21,24,18,0,7,19,1,6,0,0,0,12,5,4,0,1,1,2,56,13,1,8,0,0,7,7,4,0,9,0,2,10,0,1,3,26,9,28,13,5,0,0,21,59,0,2,4,0,0,4,1,37,58,18,0,6,0,66,4,7,147,44,64,10,1,0,6,0,0,0,0,0,25,5,0,0,4,0,3,10,10,80,8,15,11,19
religious figure,0,1,0,1,0,8,10,2,0,0,0,0,0,0,0,0,0,0,0,5,0,0,2,0,2,0,0,0,6,1,0,0,0,0,0,5,0,0,0,2,0,1,19,0,0,1,6,6,0,1,6,2,0,0,4,0,0,0,2,2,1,0,0,0,0,0,0,3,3,1,0,4,14,3,0,0,0,2,0,0,0,0,0,0,1,0,0,0,0,15,0,0,0,0,19,0,0,10,2,3,4,0,0,0,4,0,0,0,0,0,0,1,17,2,6,3,9,0,0,3,0,4,0,0,0,3,3,3,0,0,0,0,21,1,0,0,0,0,0,1,1,0,4,0,1,2,0,0,0,7,0,9,6,4,0,0,10,13,0,1,3,0,0,0,0,9,13,3,0,4,0,26,1,1,44,49,32,0,0,0,3,0,0,0,0,0,8,4,0,0,0,0,1,3,2,33,7,5,9,9
sacred,0,2,0,0,0,14,8,2,0,1,0,0,0,1,0,0,0,0,0,6,1,0,7,0,1,0,1,1,6,1,0,3,0,0,0,6,0,1,0,1,0,5,41,0,0,0,6,6,0,2,5,2,0,0,4,0,0,0,5,2,3,0,0,0,0,1,0,3,0,2,0,3,25,19,0,0,0,1,0,0,0,0,3,0,1,0,0,0,2,32,0,4,0,0,36,0,0,22,1,3,8,0,0,1,8,0,0,0,0,1,1,5,22,3,20,8,10,0,0,19,9,3,0,0,0,9,5,2,0,0,0,0,45,3,9,1,0,0,0,7,9,0,10,0,2,3,0,0,1,21,5,20,10,2,0,0,11,31,0,2,3,0,2,1,1,14,37,4,0,6,0,41,2,0,64,32,85,4,1,0,2,0,0,0,0,0,11,4,0,0,1,0,1,4,3,52,8,11,8,10
security,0,9,3,0,0,29,1,7,0,4,0,0,0,7,0,1,0,0,0,0,2,0,0,0,2,0,2,2,8,8,0,3,1,0,0,27,0,0,0,0,0,3,3,2,0,0,0,1,0,1,2,11,0,0,0,0,0,0,4,10,23,3,0,1,0,0,0,0,15,11,0,12,11,2,0,0,0,0,0,0,0,0,4,1,0,22,2,0,12,35,0,22,0,0,20,2,15,3,3,2,15,2,0,1,10,0,0,0,0,0,0,32,14,4,9,16,4,0,14,18,1,0,1,0,0,7,19,16,3,0,18,10,13,19,0,8,0,0,19,27,1,0,8,0,0,5,0,0,0,15,0,7,1,2,0,0,11,22,0,20,0,0,5,3,0,29,17,21,0,0,0,20,0,8,10,0,4,76,0,0,5,0,0,0,0,1,16,6,1,2,5,0,3,0,8,30,9,2,0,13
self-made man [person],0,0,0,0,0,4,0,19,0,1,0,0,2,0,0,0,0,0,3,0,4,0,7,0,0,0,0,0,1,1,0,1,0,0,0,0,0,0,0,0,0,0,31,0,0,0,0,0,0,1,9,0,0,0,0,0,0,1,2,0,5,0,0,0,0,0,0,6,0,0,0,0,1,0,0,1,0,1,2,0,0,0,0,0,0,0,0,0,0,31,0,5,0,0,13,0,1,18,0,1,4,7,0,3,15,0,0,0,0,2,1,1,3,5,6,4,15,0,0,2,2,5,0,0,4,7,1,0,0,0,0,0,9,5,0,2,0,0,0,1,0,0,0,0,2,2,0,0,0,3,0,3,2,1,0,0,1,29,0,1,9,0,0,2,0,34,34,6,0,0,0,11,6,0,1,0,1,0,49,0,0,0,0,0,0,0,8,1,0,0,1,0,1,1,0,26,2,11,0,3
sincerely_black_,0,0,0,0,0,0,0,0,0,0,0,0,0,0,0,0,0,0,0,0,0,0,0,0,0,0,0,0,0,0,0,0,0,0,0,0,0,0,0,0,0,0,1,0,0,0,0,0,0,0,0,0,0,0,0,0,0,0,0,0,0,0,0,0,0,0,0,0,0,0,0,0,0,0,0,0,0,0,0,0,0,0,0,0,0,0,0,0,0,2,0,0,0,0,0,0,0,0,0,0,0,0,0,0,0,0,0,0,0,0,0,0,0,0,0,0,2,0,0,0,0,0,0,0,0,0,0,0,0,0,0,0,1,0,0,0,0,0,0,0,0,0,0,0,0,0,0,0,0,0,0,3,0,0,0,0,0,1,0,0,2,0,0,0,1,1,0,1,0,0,0,0,2,0,0,0,0,0,0,4,0,0,0,0,0,0,1,0,0,0,0,0,0,0,0,2,0,0,0,0
soldiers,0,0,0,0,0,33,0,4,0,11,0,0,0,0,0,0,0,0,0,0,4,0,3,0,1,0,2,2,0,3,0,1,0,0,4,12,0,2,0,1,0,2,30,0,0,0,0,0,0,2,10,1,0,0,0,0,0,0,0,0,15,0,0,0,0,23,0,0,1,2,0,0,44,0,8,0,0,3,1,0,0,0,0,3,0,5,5,0,1,44,0,2,0,0,40,0,7,17,1,13,5,1,0,1,6,0,0,0,0,1,1,0,17,0,2,1,2,0,11,9,0,1,0,2,0,25,2,29,1,0,10,12,17,21,0,5,2,0,9,7,0,0,8,0,1,7,0,0,0,46,0,6,1,8,0,0,45,38,0,0,1,0,0,0,0,15,8,6,0,0,0,45,2,0,6,3,2,5,0,0,83,0,0,0,0,0,17,3,0,1,41,0,1,1,44,43,0,1,2,5
southern.rebel.pride,0,1,0,0,0,1,0,0,0,0,0,0,0,0,0,0,0,0,0,0,0,0,0,0,0,0,2,2,1,0,0,0,0,0,0,1,0,0,0,0,0,0,1,0,0,0,0,0,0,0,0,0,0,0,0,0,0,0,1,0,0,0,0,0,0,0,0,0,0,0,0,0,0,0,0,0,0,0,0,0,0,0,0,0,0,0,0,0,0,0,0,0,0,0,2,0,0,0,0,0,0,0,0,0,1,0,0,0,0,0,0,0,0,0,0,0,0,0,0,1,0,0,0,0,0,1,1,1,0,0,0,0,0,0,0,0,0,0,0,0,0,0,0,0,0,1,0,0,0,1,0,0,0,1,0,0,0,0,0,0,0,0,0,0,0,0,1,1,0,0,0,1,0,0,0,0,0,0,0,0,0,2,0,0,0,0,0,0,0,0,0,0,0,0,0,1,0,0,0,0
southern_rebel_pride,0,1,0,0,0,1,0,0,0,0,0,0,0,0,0,0,0,0,0,0,0,0,0,0,0,0,1,1,0,0,0,0,0,0,0,0,0,0,0,0,0,0,0,0,0,0,0,0,0,0,0,0,0,0,0,0,0,0,1,0,0,0,0,0,0,0,0,0,0,0,0,0,0,0,0,0,0,0,0,0,0,0,0,0,0,0,0,0,0,0,0,0,0,0,1,0,0,0,0,0,0,0,0,0,0,0,0,0,0,1,0,0,0,0,0,0,0,0,0,1,0,0,0,0,0,0,1,0,0,0,0,0,0,0,0,0,0,0,0,0,0,0,0,0,0,0,0,0,0,1,0,0,0,0,0,0,1,1,0,0,0,0,0,0,0,0,0,0,0,0,0,1,0,0,0,0,0,0,0,0,0,0,1,0,0,0,1,0,0,0,0,0,0,0,0,1,0,0,0,0
stand_for_freedom_,0,0,0,0,0,0,0,0,0,0,0,0,0,0,0,0,0,0,0,0,0,0,0,0,0,0,0,0,0,0,0,0,0,0,0,0,0,0,0,0,0,0,0,0,0,0,0,0,0,0,0,0,0,0,0,0,0,0,0,0,0,0,0,0,0,0,0,0,0,1,0,0,0,0,0,0,0,0,0,0,0,0,0,0,0,0,0,0,0,0,0,0,0,0,0,0,0,0,0,0,0,0,0,0,0,0,0,0,0,0,0,0,0,0,0,0,0,0,0,0,0,0,0,0,0,0,0,0,0,0,0,0,0,0,0,0,0,0,0,0,0,0,0,0,0,0,0,0,0,0,0,0,0,0,0,0,0,0,0,0,0,0,0,0,0,0,0,0,0,0,0,0,1,0,0,0,0,0,0,0,0,0,0,1,0,0,0,0,0,0,0,0,0,0,0,0,0,0,0,0
staystrong,0,0,0,0,0,0,0,0,0,0,0,0,0,0,0,0,0,0,0,0,0,0,0,0,0,0,0,0,0,0,0,0,0,0,0,0,0,0,0,0,0,0,0,0,0,0,0,0,0,0,1,0,0,0,0,0,0,0,0,0,0,0,0,0,0,0,0,0,0,0,0,0,0,0,0,0,0,0,0,0,0,0,0,0,0,0,0,0,0,3,0,17,0,0,0,0,0,1,0,0,0,0,0,0,0,0,0,0,0,0,0,0,0,0,16,2,0,0,0,1,0,0,0,0,0,0,1,0,0,0,0,0,0,0,0,0,0,0,0,15,0,0,0,0,0,1,0,0,0,0,0,1,0,0,0,0,0,0,0,0,0,0,0,1,1,14,0,0,0,0,0,0,0,0,0,0,0,0,0,0,0,0,0,0,17,0,0,0,0,0,0,0,0,0,0,1,2,0,0,0
stop_refugees,0,0,0,0,0,1,0,0,0,0,0,0,0,0,0,0,0,0,0,0,0,0,0,0,0,0,0,0,0,0,0,0,0,0,0,1,0,0,0,0,0,0,0,0,0,0,0,0,0,0,0,0,0,0,0,0,0,0,0,0,0,0,0,0,0,0,0,0,0,0,0,0,1,0,0,0,0,0,0,0,0,0,0,0,0,0,0,0,0,0,0,0,0,0,1,0,1,0,0,0,0,0,0,0,0,0,0,0,0,0,0,0,0,0,0,0,0,0,0,0,0,0,0,0,0,0,0,0,0,0,1,0,0,1,0,1,0,0,0,0,0,0,0,0,0,0,0,0,0,1,0,0,0,1,0,0,0,0,0,0,0,0,0,0,0,0,0,0,0,0,0,1,0,1,0,0,0,1,0,0,0,0,0,0,0,1,0,0,0,0,0,0,0,0,0,1,0,0,0,0
text,0,23,0,2,1,157,2,82,3,16,1,0,5,28,0,5,0,0,5,4,28,3,32,0,8,0,10,5,7,8,9,5,10,0,31,52,0,10,2,42,3,6,173,1,0,0,12,17,1,9,33,10,16,1,1,0,0,9,6,6,77,1,0,4,0,48,1,22,6,11,0,18,41,9,8,2,0,28,19,4,2,0,6,1,0,16,2,0,8,325,0,40,0,1,130,4,11,66,6,23,75,12,0,36,95,0,0,0,1,11,9,48,58,8,32,29,59,2,20,21,2,36,1,2,19,55,30,32,6,3,11,8,77,39,2,17,4,2,30,39,4,0,19,0,12,41,1,1,0,71,5,94,17,6,0,0,53,256,0,62,35,0,12,19,29,210,173,113,0,15,0,151,49,6,25,8,11,16,8,1,17,0,1,0,0,0,480,13,0,2,21,0,13,12,26,297,33,34,22,52
the people,0,8,0,1,0,24,0,3,1,7,0,0,0,1,0,1,0,4,0,0,3,0,1,0,4,0,1,2,4,7,0,4,0,0,3,7,0,0,0,6,0,1,23,2,0,0,0,1,0,5,5,4,0,0,0,0,4,0,4,10,7,0,1,0,0,0,0,1,5,0,0,5,11,0,0,2,0,2,1,0,0,0,1,0,0,4,3,1,0,47,0,16,0,0,19,0,0,10,4,2,18,6,0,2,11,1,0,0,0,0,1,11,7,8,23,17,6,1,2,9,0,5,0,0,0,5,9,7,2,0,1,0,12,3,1,0,2,0,1,18,2,1,5,0,0,10,0,1,0,14,1,2,1,3,0,0,16,24,0,11,1,0,2,5,3,36,39,18,4,0,0,20,16,1,5,4,4,6,1,0,3,0,0,0,0,0,13,83,0,1,2,0,2,4,5,41,13,3,9,8
trade,0,0,0,0,0,1,0,0,0,1,0,0,0,0,0,0,0,0,0,0,0,0,0,0,0,0,0,0,0,0,7,0,0,0,0,0,0,0,0,0,0,0,7,0,0,0,0,0,0,0,0,0,0,0,0,0,0,0,0,0,0,0,0,0,0,0,0,0,0,0,0,0,0,0,0,0,0,0,0,0,0,0,0,0,0,0,0,0,0,8,0,0,0,0,0,0,0,0,0,0,0,0,0,0,0,0,0,0,0,0,0,0,0,7,0,0,7,0,1,4,0,0,1,0,0,0,0,0,0,0,0,0,7,0,0,0,0,0,0,0,0,0,7,0,0,0,0,0,0,1,2,5,0,0,0,0,0,0,0,0,0,0,0,0,0,0,0,0,0,0,0,1,0,0,0,0,0,1,0,0,0,0,0,0,0,0,0,0,8,0,0,0,0,0,1,1,0,0,0,7
tyranny,0,2,0,0,0,4,0,1,0,4,0,0,0,1,0,0,0,0,0,0,0,0,0,0,1,0,0,0,2,2,0,1,0,0,1,1,0,1,0,0,0,0,1,0,0,0,0,0,0,1,0,0,0,0,0,0,0,0,0,2,1,0,0,0,0,0,0,0,0,1,0,0,3,0,0,0,0,0,0,0,0,0,0,0,0,2,1,1,0,2,0,1,0,0,5,0,2,1,1,0,1,0,0,0,1,0,0,0,0,0,0,2,3,0,0,2,0,0,0,1,0,0,0,0,0,1,2,2,0,0,1,1,1,1,0,0,0,0,1,2,0,0,0,0,0,1,0,0,0,3,0,2,1,1,0,0,5,2,0,1,0,0,1,0,0,1,1,1,0,0,0,4,0,1,0,0,0,2,0,0,1,0,0,0,0,0,2,1,0,8,0,0,1,2,1,5,0,0,0,1
veterans,0,0,0,0,0,23,0,0,0,17,0,0,0,0,0,0,0,0,0,0,1,0,2,0,8,0,1,1,1,2,0,4,1,0,3,4,0,1,0,0,0,3,32,0,0,0,1,2,0,3,10,1,0,0,0,0,0,0,0,6,21,0,0,0,0,14,0,3,2,0,0,2,40,0,18,1,0,1,1,0,0,0,1,4,0,3,3,0,0,35,0,2,0,0,46,0,3,9,3,19,4,1,1,1,5,0,0,0,0,0,1,2,12,0,2,1,1,0,6,9,0,1,0,1,0,13,1,8,2,0,4,14,26,12,0,4,0,0,8,4,0,0,7,0,1,4,0,0,0,37,2,4,0,3,0,0,44,34,0,0,1,0,0,1,0,9,5,3,0,2,0,45,4,0,4,0,1,5,1,0,41,0,0,0,0,0,21,2,0,0,79,0,1,1,38,48,0,0,0,9
veterans_come_first,0,0,0,0,0,0,0,0,0,0,0,0,0,0,0,0,0,0,0,0,0,0,0,0,0,0,0,0,0,0,0,0,0,0,0,0,0,0,0,0,0,0,0,0,0,0,0,0,0,0,0,0,0,0,0,0,0,0,0,0,0,0,0,0,0,0,0,0,0,0,0,0,0,0,0,0,0,0,0,0,0,0,0,0,0,0,0,0,0,0,0,0,0,0,0,0,0,0,0,0,0,0,0,0,0,0,0,0,0,0,0,0,0,0,0,0,0,0,0,0,0,0,0,0,0,0,0,0,0,0,0,0,0,0,0,0,0,0,0,0,0,0,0,0,0,0,0,0,0,0,0,0,0,0,0,0,0,0,0,0,0,0,0,0,0,0,0,0,0,0,0,0,1,0,0,0,0,0,0,0,0,0,0,0,0,0,0,0,0,0,0,1,0,0,0,0,0,0,0,0
video,0,0,0,0,0,63,0,22,0,0,0,0,2,3,0,0,0,6,0,0,15,0,1,0,2,0,1,0,1,0,0,1,1,1,0,26,0,0,0,3,0,1,20,2,0,0,0,0,0,0,3,0,0,0,0,0,0,6,1,1,33,0,0,0,0,0,0,5,0,0,0,2,3,2,0,1,2,35,0,0,0,0,0,0,0,8,0,0,0,66,0,9,0,0,25,0,0,26,1,2,32,8,0,1,44,0,0,0,0,1,0,25,16,0,0,9,15,2,0,4,0,7,0,0,1,12,5,6,1,1,0,0,5,0,0,0,1,0,1,14,1,0,2,0,2,0,0,0,0,11,1,13,0,0,0,0,1,1,0,48,5,0,5,6,3,75,41,54,0,3,0,17,6,0,3,1,1,3,1,0,1,0,0,0,0,0,13,2,0,1,1,0,102,2,3,59,7,3,7,11
voting,0,3,0,0,0,33,2,6,0,10,2,0,0,1,0,0,0,0,0,0,1,0,1,0,30,1,3,1,12,3,0,19,0,0,0,5,0,4,0,4,0,3,16,1,0,0,2,2,0,7,1,14,0,0,0,1,0,1,4,16,4,0,0,0,0,3,0,4,3,7,0,32,11,2,0,0,1,4,5,1,0,0,3,0,0,2,0,0,1,36,0,10,0,0,28,0,1,4,23,2,15,1,0,0,1,0,1,0,0,1,1,2,11,4,10,7,20,0,4,2,0,6,0,0,0,5,5,2,2,0,2,3,14,9,1,6,0,0,5,7,2,0,4,0,0,9,0,0,0,33,0,3,1,1,0,0,15,29,0,0,1,0,0,2,2,24,18,15,0,0,0,36,8,1,10,3,4,0,1,0,1,0,0,0,0,0,12,4,0,2,1,0,2,77,3,40,9,5,5,6
war,0,3,0,0,0,51,1,5,0,14,0,0,0,1,0,1,0,0,0,0,3,1,6,0,7,0,5,4,3,6,3,7,0,0,5,22,0,2,0,6,0,6,37,0,0,0,3,3,0,4,6,6,1,0,0,0,0,4,3,6,25,0,0,1,0,13,0,7,11,3,0,6,34,11,10,0,0,7,1,0,0,0,2,2,0,5,3,0,2,50,0,5,0,0,44,0,6,12,3,15,17,1,0,2,18,0,1,0,0,1,1,4,24,2,2,4,6,0,29,11,1,4,1,2,0,15,5,30,6,0,4,8,20,13,1,5,5,0,12,10,2,0,10,0,0,14,0,0,0,56,2,6,2,8,0,0,49,50,0,3,0,0,1,10,0,20,13,14,0,4,0,57,9,5,10,2,3,8,0,0,44,0,0,0,0,0,26,5,1,1,38,0,3,3,116,67,3,1,2,20
white,0,59,0,4,1,397,11,238,0,64,2,0,5,75,1,6,4,4,8,13,105,5,87,0,26,0,25,20,31,14,42,17,12,5,16,154,0,42,5,103,0,21,569,6,1,2,26,33,3,20,116,17,38,5,1,0,0,22,10,26,239,0,1,10,2,126,0,64,20,55,6,38,159,32,16,6,6,87,31,1,1,0,13,2,0,25,27,2,17,979,0,128,1,3,418,0,23,216,18,62,211,44,1,80,258,0,1,0,1,20,18,139,187,23,83,70,192,8,37,66,12,94,1,2,54,96,67,104,10,6,19,20,418,82,11,34,8,2,51,91,13,0,39,2,20,142,2,6,2,200,17,240,30,24,0,0,167,673,1,181,115,2,27,54,49,672,532,350,0,22,1,508,117,22,80,33,52,30,26,2,43,1,1,0,1,1,297,41,1,5,48,0,59,40,67,1428,55,77,70,135
woke,0,0,0,1,0,45,1,8,0,0,1,0,0,11,0,0,0,3,0,0,6,0,0,0,5,0,4,1,3,2,0,13,1,0,1,16,0,0,0,7,0,0,55,11,0,0,0,2,1,3,16,2,1,0,8,1,0,1,1,11,23,0,0,0,0,0,0,9,7,0,0,5,2,0,0,0,0,1,42,0,0,2,6,0,0,6,0,0,1,104,0,93,0,1,18,1,0,19,1,0,48,11,0,1,21,0,0,0,1,0,1,22,22,6,67,63,24,7,0,24,2,19,0,0,4,11,7,5,4,1,0,0,32,1,1,0,3,1,0,59,3,0,12,0,0,10,0,1,0,13,0,10,12,3,0,0,3,55,0,30,12,0,7,9,1,122,108,63,0,1,0,49,21,0,8,7,8,9,2,0,0,0,0,0,2,0,33,13,0,0,0,0,7,9,3,55,169,16,8,11
world of possibilities,0,0,0,0,0,26,0,25,0,8,0,0,4,8,0,0,0,0,5,0,13,0,8,0,2,0,0,0,1,1,0,1,3,2,0,6,0,3,2,4,0,1,111,0,0,0,6,7,0,1,21,0,1,1,5,0,0,4,2,0,17,0,0,0,0,0,0,13,1,3,0,3,22,11,0,0,0,8,8,0,0,0,1,0,0,4,3,1,0,91,0,23,1,0,49,0,1,30,1,9,29,8,0,5,43,0,0,0,0,5,5,10,14,12,31,17,21,0,0,21,0,18,0,1,14,20,4,5,0,0,0,0,36,5,0,1,2,1,0,7,1,0,6,0,4,6,1,3,0,17,0,46,9,2,0,0,13,92,0,15,13,0,6,11,4,77,89,26,0,4,0,52,21,0,15,5,11,2,11,0,1,0,0,0,0,0,34,3,0,0,0,0,3,5,1,77,16,151,6,24
wut,0,4,0,0,0,6,0,4,0,0,2,0,0,0,0,0,0,0,0,0,4,0,8,0,5,0,1,1,6,1,1,2,0,0,12,4,0,0,0,96,0,0,28,0,0,0,2,3,1,5,14,6,48,0,4,0,0,2,3,6,16,0,0,0,0,0,0,11,1,4,1,8,3,0,0,1,0,7,0,1,0,0,0,0,0,2,0,0,1,75,0,6,0,0,32,0,1,36,3,0,4,12,0,5,14,0,0,0,1,2,0,6,13,2,7,17,16,1,0,11,0,8,0,0,0,18,4,5,0,0,1,1,23,1,0,1,1,0,0,11,1,0,2,2,3,79,0,5,0,7,1,35,9,3,0,0,6,53,0,3,30,0,1,0,5,28,21,8,0,3,0,34,21,1,11,9,8,0,0,0,2,0,0,0,0,0,22,9,0,0,0,0,7,5,2,70,8,6,164,17
yellow,0,5,1,0,0,125,2,40,0,27,1,1,0,6,0,1,0,1,5,0,22,0,23,1,5,0,2,0,6,2,13,2,12,5,4,79,0,1,0,46,0,5,103,2,0,0,4,6,0,8,27,1,14,3,5,0,0,6,1,4,43,13,0,0,1,20,10,7,2,1,8,7,48,15,4,1,0,13,6,0,1,0,1,1,0,18,10,0,17,215,0,14,0,0,85,0,49,40,6,18,23,7,0,11,42,0,0,0,1,2,2,35,87,16,14,11,46,3,21,11,1,21,1,0,4,58,17,18,1,0,51,23,145,86,1,46,2,2,37,8,5,0,14,1,4,37,0,0,0,81,8,73,70,13,0,0,34,137,0,40,20,0,2,14,11,158,122,58,0,3,0,96,20,50,19,9,10,13,3,0,5,0,0,0,0,0,52,8,7,1,9,0,11,6,20,135,11,24,17,357
